coachID,year,tmID,lgID,stint,won,lost,post_wins,post_losses
johnsne01,1961,PGR,ABL1,1,41,40,0,1
auerbre01,1946,WSC,NBA,1,49,11,2,4
birchpa01,1946,PIT,NBA,1,15,45,0,0
cliffro01,1946,CLR,NBA,2,13,10,1,2
cohalne01,1946,NYK,NBA,1,33,27,2,3
curtigl01,1946,DTF,NBA,1,12,22,0,0
dehnere01,1946,CLR,NBA,1,17,20,0,0
fitzgdi01,1946,TRH,NBA,1,2,1,0,0
gottled01,1946,PHW,NBA,1,35,25,8,2
haymale01,1946,TRH,NBA,3,0,1,0,0
loeffke01,1946,STB,NBA,1,38,23,1,2
morriro01,1946,PRO,NBA,1,28,32,0,0
olsenha01,1946,CHS,NBA,1,39,22,5,6
rolfero01,1946,TRH,NBA,4,17,27,0,0
russejo01,1946,BOS,NBA,1,22,38,0,0
sachsph01,1946,DTF,NBA,2,8,18,0,0
sadowed01,1946,TRH,NBA,2,3,9,0,0
auerbre01,1947,WSC,NBA,1,28,20,0,0
gottled01,1947,PHW,NBA,1,27,21,6,7
hickena01,1947,PRO,NBA,1,4,25,0,0
jeannbu01,1947,BLB,NBA,1,28,20,8,3
lapchjo01,1947,NYK,NBA,1,26,22,1,2
loeffke01,1947,STB,NBA,1,29,19,3,4
olsenha01,1947,CHS,NBA,1,28,20,2,3
russejo01,1947,BOS,NBA,1,20,28,1,2
soaral01,1947,PRO,NBA,2,2,17,0,0
armstcu01,1948,FTW,NBA,2,22,32,0,0
auerbre01,1948,WSC,NBA,1,38,22,6,5
benneca01,1948,FTW,NBA,1,0,6,0,0
brownph01,1948,CHS,NBA,2,10,1,0,0
friddbu01,1948,INJ,NBA,2,14,29,0,0
gottled01,1948,PHW,NBA,1,28,32,0,2
halebr01,1948,INJ,NBA,1,4,13,0,0
harrile01,1948,ROC,NBA,1,45,15,2,2
jeannbu01,1948,BLB,NBA,1,29,31,1,2
juliaal01,1948,BOS,NBA,1,25,35,0,0
kundljo01,1948,MNL,NBA,1,44,16,8,2
lapchjo01,1948,NYK,NBA,1,32,28,3,3
lewisgr01,1948,STB,NBA,1,29,31,0,2
loeffke01,1948,PRO,NBA,1,12,48,0,0
olsenha01,1948,CHS,NBA,1,28,21,0,2
auerbre01,1949,TRI,NBA,2,28,29,1,2
barkecl01,1949,INO,NBA,1,39,25,3,3
brownph01,1949,CHS,NBA,1,40,28,0,2
cervial01,1949,SYR,NBA,1,51,13,6,5
dardeji01,1949,DNN,NBA,1,11,51,0,0
duffeik01,1949,AND,NBA,2,1,2,0,0
feeribo01,1949,WSC,NBA,1,32,36,0,2
gottled01,1949,PHW,NBA,1,26,42,0,2
harrile01,1949,ROC,NBA,1,51,17,0,2
jeannbu01,1949,BLB,NBA,1,25,43,0,0
juliaal01,1949,BOS,NBA,1,22,46,0,0
kundljo01,1949,MNL,NBA,1,51,17,10,2
lapchjo01,1949,NYK,NBA,1,40,28,3,2
lewisgr01,1949,STB,NBA,1,26,42,0,0
mendemu01,1949,FTW,NBA,1,40,28,2,2
mooredo01,1949,AND,NBA,3,15,11,4,4
pottero01,1949,TRI,NBA,1,1,6,0,0
schulho01,1949,AND,NBA,1,21,14,0,0
shippch01,1949,WAT,NBA,1,8,27,0,0
smileja01,1949,WAT,NBA,2,11,16,0,0
sueseke01,1949,SHE,NBA,1,22,40,1,2
auerbre01,1950,BOS,NBA,1,39,30,0,2
barkecl01,1950,INO,NBA,1,24,32,0,0
budkowa01,1950,BLB,NBA,2,10,19,0,0
cervial01,1950,SYR,NBA,1,32,34,4,3
gottled01,1950,PHW,NBA,1,40,26,0,2
harrile01,1950,ROC,NBA,1,41,27,9,5
jeannbu01,1950,BLB,NBA,1,14,23,0,0
joneswa03,1950,INO,NBA,2,7,5,1,2
kundljo01,1950,MNL,NBA,1,44,24,3,4
lapchjo01,1950,NYK,NBA,1,36,30,8,6
loganjo01,1950,TRI,NBA,2,2,1,0,0
mckinbo01,1950,WSC,NBA,1,10,25,0,0
mcmilda01,1950,TRI,NBA,1,9,14,0,0
mendemu01,1950,FTW,NBA,1,32,36,1,2
todormi01,1950,TRI,NBA,3,14,28,0,0
auerbre01,1951,BOS,NBA,1,39,27,1,2
birchpa01,1951,FTW,NBA,1,29,37,0,2
cervial01,1951,SYR,NBA,1,40,26,3,4
gottled01,1951,PHW,NBA,1,33,33,1,2
harrile01,1951,ROC,NBA,1,41,25,3,3
kundljo01,1951,MNL,NBA,1,40,26,9,4
lapchjo01,1951,NYK,NBA,1,37,29,8,6
mooredo01,1951,MLH,NBA,1,17,49,0,0
reisech01,1951,BLB,NBA,2,8,19,0,0
schaehe01,1951,INO,NBA,1,34,32,0,2
scolafr01,1951,BLB,NBA,1,12,27,0,0
auerbre01,1952,BOS,NBA,1,46,25,3,3
beecl01,1952,BLB,NBA,2,16,51,0,2
birchpa01,1952,FTW,NBA,1,36,33,4,4
cervial01,1952,SYR,NBA,1,47,24,0,2
gottled01,1952,PHW,NBA,1,12,57,0,0
harrile01,1952,ROC,NBA,1,44,26,1,2
kundljo01,1952,MNL,NBA,1,48,22,9,3
lapchjo01,1952,NYK,NBA,1,47,23,6,5
levanan01,1952,MLH,NBA,1,27,44,0,0
reisech01,1952,BLB,NBA,1,0,3,0,0
schaehe01,1952,INO,NBA,1,28,43,0,2
auerbre01,1953,BOS,NBA,1,42,30,2,4
beecl01,1953,BLB,NBA,1,16,56,0,0
birchpa01,1953,FTW,NBA,1,40,32,0,4
cervial01,1953,SYR,NBA,1,42,30,9,4
gottled01,1953,PHW,NBA,1,29,43,0,0
harrile01,1953,ROC,NBA,1,44,28,3,3
holzmre01,1953,MLH,NBA,2,10,16,0,0
kundljo01,1953,MNL,NBA,1,46,26,9,4
lapchjo01,1953,NYK,NBA,1,44,28,0,4
levanan01,1953,MLH,NBA,1,11,35,0,0
auerbre01,1954,BOS,NBA,1,36,36,3,4
cervial01,1954,SYR,NBA,1,43,29,7,4
eckmach01,1954,FTW,NBA,1,43,29,6,5
gottled01,1954,PHW,NBA,1,33,39,0,0
harrile01,1954,ROC,NBA,1,29,43,1,2
holzmre01,1954,MLH,NBA,1,26,46,0,0
kundljo01,1954,MNL,NBA,1,40,32,3,4
lapchjo01,1954,NYK,NBA,1,38,34,1,2
auerbre01,1955,BOS,NBA,1,39,33,1,2
borylvi01,1955,NYK,NBA,2,9,12,0,0
cervial01,1955,SYR,NBA,1,35,37,4,4
eckmach01,1955,FTW,NBA,1,37,35,4,6
holzmre01,1955,STL,NBA,1,33,39,4,4
kundljo01,1955,MNL,NBA,1,33,39,1,2
lapchjo01,1955,NYK,NBA,1,26,25,0,0
senesge01,1955,PHW,NBA,1,45,27,7,3
wanzebo01,1955,ROC,NBA,1,31,41,0,0
auerbre01,1956,BOS,NBA,1,44,28,7,3
borylvi01,1956,NYK,NBA,1,36,36,0,0
cervial01,1956,SYR,NBA,1,4,8,0,0
eckmach01,1956,FTW,NBA,1,34,38,0,2
hannual01,1956,STL,NBA,3,15,16,6,4
holzmre01,1956,STL,NBA,1,14,19,0,0
kundljo01,1956,MNL,NBA,1,34,38,2,3
martisl01,1956,STL,NBA,2,5,3,0,0
senesge01,1956,PHW,NBA,1,37,35,0,2
seymopa01,1956,SYR,NBA,2,34,26,2,3
wanzebo01,1956,ROC,NBA,1,31,41,0,0
auerbre01,1957,BOS,NBA,1,49,23,6,5
borylvi01,1957,NYK,NBA,1,35,37,0,0
eckmach01,1957,DET,NBA,1,9,16,0,0
hannual01,1957,STL,NBA,1,41,31,8,3
kundljo01,1957,MNL,NBA,2,10,23,0,0
mikange01,1957,MNL,NBA,1,9,30,0,0
rochare01,1957,DET,NBA,2,24,23,3,4
senesge01,1957,PHW,NBA,1,37,35,3,5
seymopa01,1957,SYR,NBA,1,41,31,1,2
wanzebo01,1957,CIN,NBA,1,33,39,0,2
auerbre01,1958,BOS,NBA,1,52,20,8,3
cervial01,1958,PHW,NBA,1,32,40,0,0
kundljo01,1958,MNL,NBA,1,33,39,6,7
levanan01,1958,NYK,NBA,1,40,32,0,2
macaued01,1958,STL,NBA,2,43,19,2,4
marshto01,1958,CIN,NBA,2,16,38,0,0
phillan01,1958,STL,NBA,1,6,4,0,0
rochare01,1958,DET,NBA,1,28,44,1,2
seymopa01,1958,SYR,NBA,1,35,37,5,4
wanzebo01,1958,CIN,NBA,1,3,15,0,0
auerbre01,1959,BOS,NBA,1,59,16,8,5
braunca01,1959,NYK,NBA,2,19,29,0,0
castejo01,1959,MNL,NBA,1,11,25,0,0
johnsne01,1959,PHW,NBA,1,49,26,4,5
levanan01,1959,NYK,NBA,1,8,19,0,0
macaued01,1959,STL,NBA,1,46,29,7,7
marshto01,1959,CIN,NBA,1,19,56,0,0
mcguidi01,1959,DET,NBA,2,17,24,0,2
pollaji01,1959,MNL,NBA,2,14,25,5,4
rochare01,1959,DET,NBA,1,13,21,0,0
seymopa01,1959,SYR,NBA,1,45,30,1,2
auerbre01,1960,BOS,NBA,1,57,22,8,2
braunca01,1960,NYK,NBA,1,21,58,0,0
hannual01,1960,SYR,NBA,1,38,41,4,4
johnsne01,1960,PHW,NBA,1,46,33,0,3
mcguidi01,1960,DET,NBA,1,34,45,2,3
schaufr01,1960,LAL,NBA,1,36,43,6,6
seymopa01,1960,STL,NBA,1,51,28,5,7
wolfch01,1960,CIN,NBA,1,33,46,0,0
auerbre01,1961,BOS,NBA,1,60,20,8,6
dovoved01,1961,NYK,NBA,1,29,51,0,0
hannual01,1961,SYR,NBA,1,41,39,2,3
levanan01,1961,STL,NBA,2,20,40,0,0
mcguidi01,1961,DET,NBA,1,37,43,5,5
mcguifr01,1961,PHW,NBA,1,49,31,6,6
pettibo01,1961,STL,NBA,3,4,2,0,0
pollaji01,1961,CHP,NBA,1,18,62,0,0
schaufr01,1961,LAL,NBA,1,54,26,7,6
seymopa01,1961,STL,NBA,1,5,9,0,0
wolfch01,1961,CIN,NBA,1,43,37,1,3
auerbre01,1962,BOS,NBA,1,58,22,8,5
dovoved01,1962,NYK,NBA,1,21,59,0,0
feeribo01,1962,SFW,NBA,1,31,49,0,0
gallaha01,1962,STL,NBA,1,48,32,6,5
hannual01,1962,SYR,NBA,1,48,32,2,3
leonasl01,1962,CHZ,NBA,2,13,29,0,0
mcguidi01,1962,DET,NBA,1,34,46,1,3
mcmahja01,1962,CHZ,NBA,1,12,26,0,0
schaufr01,1962,LAL,NBA,1,53,27,6,7
wolfch01,1962,CIN,NBA,1,42,38,6,6
auerbre01,1963,BOS,NBA,1,59,21,8,2
dovoved01,1963,NYK,NBA,1,22,58,0,0
gallaha01,1963,STL,NBA,1,46,34,6,6
hannual01,1963,SFW,NBA,1,48,32,5,7
leonasl01,1963,BAL,NBA,1,31,49,0,0
mcmahja01,1963,CIN,NBA,1,55,25,4,6
schaufr01,1963,LAL,NBA,1,42,38,2,3
schaydo01,1963,PHI,NBA,1,34,46,2,3
wolfch01,1963,DET,NBA,1,23,57,0,0
auerbre01,1964,BOS,NBA,1,62,18,8,4
debusda01,1964,DET,NBA,2,29,40,0,0
dovoved01,1964,NYK,NBA,1,12,26,0,0
gallaha01,1964,NYK,NBA,2,19,23,0,0
gallaha01,1964,STL,NBA,1,17,16,0,0
gueriri01,1964,STL,NBA,2,28,19,1,3
hannual01,1964,SFW,NBA,1,17,63,0,0
jeannbu01,1964,BAL,NBA,1,37,43,5,5
mcmahja01,1964,CIN,NBA,1,48,32,1,3
schaufr01,1964,LAL,NBA,1,49,31,5,6
schaydo01,1964,PHI,NBA,1,40,40,6,5
wolfch01,1964,DET,NBA,1,2,9,0,0
auerbre01,1965,BOS,NBA,1,54,26,11,6
debusda01,1965,DET,NBA,1,22,58,0,0
gallaha01,1965,NYK,NBA,1,6,15,0,0
gueriri01,1965,STL,NBA,1,36,44,6,4
hannual01,1965,SFW,NBA,1,35,45,0,0
mcguidi01,1965,NYK,NBA,2,24,35,0,0
mcmahja01,1965,CIN,NBA,1,45,35,2,3
schaufr01,1965,LAL,NBA,1,45,35,7,7
schaydo01,1965,PHI,NBA,1,55,25,1,4
seymopa01,1965,BAL,NBA,1,38,42,0,3
butchdo01,1966,DET,NBA,2,2,6,0,0
debusda01,1966,DET,NBA,1,28,45,0,0
farmemi01,1966,BAL,NBA,1,1,8,0,0
gueriri01,1966,STL,NBA,1,39,42,5,4
hannual01,1966,PHI,NBA,1,68,13,11,4
jeannbu01,1966,BAL,NBA,2,3,13,0,0
kerrjo01,1966,CHI,NBA,1,33,48,0,3
mcguidi01,1966,NYK,NBA,1,36,45,1,3
mcmahja01,1966,CIN,NBA,1,39,42,1,3
russebi01,1966,BOS,NBA,1,60,21,4,5
schaufr01,1966,LAL,NBA,1,36,45,0,3
sharmbi01,1966,SFW,NBA,1,44,37,9,6
shuege01,1966,BAL,NBA,3,16,40,0,0
bassbo01,1967,DNR,ABA,1,45,33,2,3
biancal01,1967,SEA,NBA,1,23,59,0,0
brighal01,1967,ANA,ABA,1,12,24,0,0
butchdo01,1967,DET,NBA,1,40,42,2,4
cazzevi01,1967,PTP,ABA,1,54,24,11,4
dinneha01,1967,ANA,ABA,2,13,29,0,0
givenjo01,1967,KEN,ABA,1,5,12,0,0
gueriri01,1967,STL,NBA,1,56,26,2,4
hagancl01,1967,DLC,ABA,1,46,32,4,4
halebr01,1967,OAK,ABA,1,22,56,0,0
hannual01,1967,PHI,NBA,1,62,20,7,6
holzmre01,1967,NYK,NBA,2,28,17,2,4
juckeed01,1967,CIN,NBA,1,39,43,0,0
kerrjo01,1967,CHI,NBA,1,29,53,1,4
martisl01,1967,HSM,ABA,1,29,49,0,3
mccarba01,1967,NOB,ABA,1,48,30,10,7
mcguidi01,1967,NYK,NBA,1,15,22,0,0
mcmahja01,1967,SDR,NBA,1,15,67,0,0
pollaji01,1967,MNM,ABA,1,50,28,4,6
rhodege01,1967,KEN,ABA,2,31,30,2,3
russebi01,1967,BOS,NBA,1,54,28,12,7
sharmbi01,1967,SFW,NBA,1,43,39,4,6
shuege01,1967,BAL,NBA,1,36,46,0,0
stavela01,1967,INA,ABA,1,38,40,0,3
vanbrbu01,1967,LAL,NBA,1,52,30,10,5
zasloma01,1967,NJA,ABA,1,36,42,0,0
bassbo01,1968,DNR,ABA,1,44,34,3,4
biancal01,1968,SEA,NBA,1,30,52,0,0
butchdo01,1968,DET,NBA,1,10,12,0,0
costela01,1968,MIL,NBA,1,27,55,0,0
gueriri01,1968,ATL,NBA,1,48,34,5,6
hagancl01,1968,DLC,ABA,1,41,37,3,4
hannual01,1968,OAK,ABA,1,60,18,12,4
hardiji01,1968,MNP,ABA,1,18,8,0,0
hardiji01,1968,MNP,ABA,3,2,5,0,0
holzmre01,1968,NYK,NBA,1,54,28,6,4
juckeed01,1968,CIN,NBA,1,41,41,0,0
kerrjo01,1968,PHO,NBA,1,16,66,0,0
leege01,1968,SFW,NBA,1,41,41,2,4
leonasl01,1968,INA,ABA,2,42,27,9,8
martisl01,1968,HSM,ABA,1,3,9,0,0
mccarba01,1968,NOB,ABA,1,46,32,4,7
mcmahja01,1968,SDR,NBA,1,37,45,2,4
mikkeve01,1968,MNP,ABA,2,6,6,0,0
mottadi01,1968,CHI,NBA,1,33,49,0,0
pollaji01,1968,MMF,ABA,1,43,35,5,7
ramsaja01,1968,PHI,NBA,1,55,27,1,4
rhodege01,1968,KEN,ABA,1,42,36,3,4
russebi01,1968,BOS,NBA,1,48,34,12,6
seymopa01,1968,DET,NBA,2,22,38,0,0
sharmbi01,1968,LAS,ABA,1,33,45,0,0
shuege01,1968,BAL,NBA,1,57,25,0,4
stavela01,1968,INA,ABA,1,2,7,0,0
vanbrbu01,1968,LAL,NBA,1,55,27,11,7
weaveji01,1968,HSM,ABA,2,20,46,0,0
youngve01,1968,MNP,ABA,4,10,23,3,4
zasloma01,1968,NYA,ABA,1,17,61,0,0
attleal01,1969,SFW,NBA,2,8,22,0,0
belmojo01,1969,DNR,ABA,2,42,14,5,7
biancal01,1969,WSA,ABA,1,44,40,3,4
blitmha01,1969,MMF,ABA,2,18,46,0,0
clarkjo01,1969,PTP,ABA,1,14,25,0,0
colanje01,1969,PHO,NBA,2,24,20,3,4
costela01,1969,MIL,NBA,1,56,26,5,5
cousybo01,1969,CIN,NBA,1,36,46,0,0
gueriri01,1969,ATL,NBA,1,48,34,4,5
hagancl01,1969,DLC,ABA,1,22,21,0,0
hannual01,1969,SDR,NBA,2,18,38,0,0
heinsto01,1969,BOS,NBA,1,34,48,0,0
holzmre01,1969,NYK,NBA,1,60,22,12,7
jeannbu01,1969,PTP,ABA,2,15,30,0,0
kerrjo01,1969,PHO,NBA,1,15,23,0,0
laresyo01,1969,NYA,ABA,1,39,45,3,4
leege01,1969,SFW,NBA,1,22,30,0,0
leonasl01,1969,INA,ABA,1,59,25,12,3
mccarba01,1969,NOB,ABA,1,42,42,0,0
mckinbo01,1969,CAR,ABA,1,42,42,0,4
mclenjo01,1969,DNR,ABA,1,9,19,0,0
mcmahja01,1969,SDR,NBA,1,9,17,0,0
mottadi01,1969,CHI,NBA,1,39,43,1,4
mullajo01,1969,LAL,NBA,1,46,36,11,7
pollaji01,1969,MMF,ABA,1,5,15,0,0
ramsaja01,1969,PHI,NBA,1,42,40,1,4
rhodege01,1969,KEN,ABA,1,45,39,5,7
sharmbi01,1969,LAS,ABA,1,43,41,10,7
shuege01,1969,BAL,NBA,1,50,32,3,4
vanbrbu01,1969,DET,NBA,1,31,51,0,0
wilkele01,1969,SEA,NBA,1,36,46,0,0
willima05,1969,DLC,ABA,2,23,18,2,4
albecst01,1970,DNR,ABA,2,27,44,0,0
attleal01,1970,SFW,NBA,1,41,41,1,4
bassbo01,1970,FLO,ABA,2,19,17,2,4
belmojo01,1970,DNR,ABA,1,3,10,0,0
biancal01,1970,VIR,ABA,1,55,29,6,6
blakebi01,1970,TEX,ABA,2,25,40,0,4
blitmha01,1970,FLO,ABA,1,18,30,0,0
carnelo01,1970,NYA,ABA,1,40,44,2,4
costela01,1970,MIL,NBA,1,66,16,12,2
cousybo01,1970,CIN,NBA,1,33,49,0,0
fitchbi01,1970,CLE,NBA,1,15,67,0,0
fitzsco01,1970,PHO,NBA,1,48,34,0,0
grozaal01,1970,KEN,ABA,2,2,0,0,0
gueriri01,1970,ATL,NBA,1,36,46,1,4
hannual01,1970,SDR,NBA,1,40,42,0,0
heinsto01,1970,BOS,NBA,1,44,38,0,0
holzmre01,1970,NYK,NBA,1,52,30,7,5
leonasl01,1970,INA,ABA,1,58,26,7,4
mccarba01,1970,MMP,ABA,1,41,43,0,4
mckinbo01,1970,CAR,ABA,1,17,25,0,0
mcmahja01,1970,PTC,ABA,1,36,48,0,0
mottadi01,1970,CHI,NBA,1,51,31,3,4
mullajo01,1970,LAL,NBA,1,48,34,5,7
ramsaja01,1970,PHI,NBA,1,47,35,3,4
ramsefr01,1970,KEN,ABA,3,32,35,11,8
rhodege01,1970,KEN,ABA,1,10,5,0,0
schaydo01,1970,BUF,NBA,1,22,60,0,0
sharmbi01,1970,UTS,ABA,1,57,27,12,6
shuege01,1970,BAL,NBA,1,42,40,8,10
steelje01,1970,CAR,ABA,2,17,25,0,0
toddro01,1970,POR,NBA,1,29,53,0,0
vanbrbu01,1970,DET,NBA,1,45,37,0,0
wilkele01,1970,SEA,NBA,1,38,44,0,0
willima05,1970,TEX,ABA,1,5,14,0,0
anderla01,1971,UTS,ABA,1,60,24,7,4
attleal01,1971,GSW,NBA,1,51,31,1,4
bassbo01,1971,FLO,ABA,1,36,48,0,4
biancal01,1971,VIR,ABA,1,45,39,7,4
binstma01,1971,PTC,ABA,2,4,6,0,0
carnelo01,1971,NYA,ABA,1,44,40,10,9
costela01,1971,MIL,NBA,1,63,19,6,5
cousybo01,1971,CIN,NBA,1,30,52,0,0
dischte01,1971,DET,NBA,2,0,2,0,0
fitchbi01,1971,CLE,NBA,1,23,59,0,0
fitzsco01,1971,PHO,NBA,1,49,33,0,0
gueriri01,1971,ATL,NBA,1,36,46,2,4
hannual01,1971,DNR,ABA,1,34,50,3,4
heinsto01,1971,BOS,NBA,1,56,26,5,6
holzmre01,1971,NYK,NBA,1,48,34,9,7
inmanst01,1971,POR,NBA,2,6,20,0,0
leonasl01,1971,INA,ABA,1,47,37,12,8
lloydea01,1971,DET,NBA,3,20,50,0,0
mccarba01,1971,MMP,ABA,1,26,58,0,0
mccarjo01,1971,BUF,NBA,2,22,59,0,0
mcmahja01,1971,PTC,ABA,1,21,53,0,0
meschto01,1971,CAR,ABA,1,35,49,0,0
mottadi01,1971,CHI,NBA,1,57,25,0,4
mullajo01,1971,KEN,ABA,1,68,16,2,4
nissato01,1971,DLC,ABA,1,42,42,0,4
ramsaja01,1971,PHI,NBA,1,30,52,0,0
schaydo01,1971,BUF,NBA,1,0,1,0,0
sharmbi01,1971,LAL,NBA,1,69,13,12,3
shuege01,1971,BAL,NBA,1,38,44,2,4
toddro01,1971,POR,NBA,1,12,44,0,0
vanbrbu01,1971,DET,NBA,1,6,4,0,0
wilkele01,1971,SEA,NBA,1,47,35,0,0
wintete01,1971,HOU,NBA,1,34,48,0,0
anderla01,1972,UTS,ABA,1,55,29,6,4
attleal01,1972,GSW,NBA,1,47,35,5,6
bassbo01,1972,MMT,ABA,1,24,60,0,0
biancal01,1972,VIR,ABA,1,42,42,1,4
brownda03,1972,DLC,ABA,2,4,8,0,0
brownla01,1972,CAR,ABA,1,57,27,7,5
buckwbu01,1972,SEA,NBA,2,13,24,0,0
carnelo01,1972,NYA,ABA,1,30,54,1,4
colanje01,1972,PHO,NBA,2,35,40,0,0
costela01,1972,MIL,NBA,1,60,22,2,4
cousybo01,1972,KCO,NBA,1,36,46,0,0
eganjo01,1972,HOU,NBA,2,16,19,0,0
fitchbi01,1972,CLE,NBA,1,32,50,0,0
fitzsco01,1972,ATL,NBA,1,46,36,2,4
hannual01,1972,DNR,ABA,1,47,37,1,4
heinsto01,1972,BOS,NBA,1,68,14,7,6
holzmre01,1972,NYK,NBA,1,57,25,12,5
joneskc01,1972,SDA,ABA,1,30,54,0,4
leonasl01,1972,INA,ABA,1,51,33,12,6
lloydea01,1972,DET,NBA,1,2,5,0,0
loughke01,1972,PHI,NBA,2,5,26,0,0
mccarba01,1972,DLC,ABA,1,24,48,0,0
mccloja01,1972,POR,NBA,1,21,61,0,0
mottadi01,1972,CHI,NBA,1,51,31,3,4
mullajo01,1972,KEN,ABA,1,56,28,11,8
nissato01,1972,SEA,NBA,1,13,32,0,0
ramsaja01,1972,BUF,NBA,1,21,61,0,0
rubinro01,1972,PHI,NBA,1,4,47,0,0
scottra01,1972,DET,NBA,2,38,37,0,0
sharmbi01,1972,LAL,NBA,1,60,22,9,8
shuege01,1972,BAL,NBA,1,52,30,1,4
vanbrbu01,1972,PHO,NBA,1,3,4,0,0
wintete01,1972,HOU,NBA,1,17,30,0,0
attleal01,1973,GSW,NBA,1,44,38,0,0
biancal01,1973,VIR,ABA,1,28,56,1,4
brownla01,1973,CAR,ABA,1,47,37,0,4
chambwi01,1973,SDA,ABA,1,37,47,2,4
costela01,1973,MIL,NBA,1,59,23,11,5
cousybo01,1973,KCO,NBA,1,6,16,0,0
eganjo01,1973,HOU,NBA,1,32,50,0,0
fitchbi01,1973,CLE,NBA,1,29,53,0,0
fitzsco01,1973,ATL,NBA,1,35,47,0,0
hannual01,1973,DNR,ABA,1,37,47,0,0
heinsto01,1973,BOS,NBA,1,56,26,12,6
holzmre01,1973,NYK,NBA,1,49,33,5,7
johnsph01,1973,KCO,NBA,3,27,30,0,0
joneskc01,1973,CAP,NBA,1,47,35,3,4
leonasl01,1973,INA,ABA,1,46,38,7,7
loughke01,1973,NYA,ABA,1,55,29,12,2
maclejo01,1973,PHO,NBA,1,30,52,0,0
mccarba01,1973,KEN,ABA,1,53,31,4,4
mccloja01,1973,POR,NBA,1,27,55,0,0
mottadi01,1973,CHI,NBA,1,54,28,4,7
mullajo01,1973,UTS,ABA,1,51,33,9,9
nissato01,1973,SAA,ABA,1,45,39,3,4
ramsaja01,1973,BUF,NBA,1,42,40,2,4
russebi01,1973,SEA,NBA,1,36,46,0,0
scottra01,1973,DET,NBA,1,52,30,3,4
sharmbi01,1973,LAL,NBA,1,47,35,1,4
shuege01,1973,PHI,NBA,1,25,57,0,0
vanbrbu01,1973,MMT,ABA,1,21,63,0,0
youngdr01,1973,KCO,NBA,2,0,3,0,0
attleal01,1974,GSW,NBA,1,48,34,12,5
bassbo01,1974,SAA,ABA,2,33,23,2,4
bayloel01,1974,NOJ,NBA,2,0,1,0,0
biancal01,1974,VIR,ABA,1,15,69,0,0
brownhu01,1974,KEN,ABA,1,58,26,12,3
brownla01,1974,DNA,ABA,1,65,19,7,6
buckwbu01,1974,UTS,ABA,1,24,32,0,0
costela01,1974,MIL,NBA,1,38,44,0,0
eganjo01,1974,HOU,NBA,1,41,41,3,5
fitchbi01,1974,CLE,NBA,1,40,42,0,0
fitzsco01,1974,ATL,NBA,1,31,51,0,0
grozaal01,1974,SDA,ABA,1,15,23,0,0
heinsto01,1974,BOS,NBA,1,60,22,6,5
holzmre01,1974,NYK,NBA,1,40,42,1,2
johnsph01,1974,KCO,NBA,1,44,38,2,4
joneskc01,1974,WSB,NBA,1,60,22,8,9
leonasl01,1974,INA,ABA,1,45,39,9,9
loughke01,1974,NYA,ABA,1,58,26,1,4
mackibo01,1974,SSL,ABA,1,32,52,5,5
maclejo01,1974,PHO,NBA,1,32,50,0,0
mottadi01,1974,CHI,NBA,1,47,35,7,6
mullajo01,1974,MMS,ABA,1,27,57,1,4
nissato01,1974,SAA,ABA,1,18,10,0,0
nissato01,1974,UTS,ABA,2,14,14,2,4
ramsaja01,1974,BUF,NBA,1,49,33,3,4
robersc01,1974,NOJ,NBA,1,1,14,0,0
russebi01,1974,SEA,NBA,1,43,39,4,5
scottra01,1974,DET,NBA,1,40,42,1,2
sharmbi01,1974,LAL,NBA,1,30,52,0,0
shiplbe01,1974,SDA,ABA,2,16,30,0,0
shuege01,1974,PHI,NBA,1,34,48,0,0
vanbrbu01,1974,NOJ,NBA,3,22,44,0,0
wilkele01,1974,POR,NBA,1,38,44,0,0
ankerja01,1975,VIR,ABA,4,1,1,0,0
attleal01,1975,GSW,NBA,1,59,23,7,6
bassbo01,1975,SAA,ABA,1,50,34,3,4
beatyze01,1975,VIR,ABA,5,9,33,0,0
biancal01,1975,VIR,ABA,1,1,6,0,0
brownhe01,1975,DET,NBA,2,19,21,4,5
brownhu01,1975,KEN,ABA,1,46,38,5,5
brownla01,1975,DNA,ABA,1,60,24,6,7
calvima01,1975,VIR,ABA,2,0,6,0,0
costela01,1975,MIL,NBA,1,38,44,1,2
eganjo01,1975,HOU,NBA,1,40,42,0,0
fitchbi01,1975,CLE,NBA,1,49,33,6,7
fitzsco01,1975,ATL,NBA,1,28,46,0,0
heinsto01,1975,BOS,NBA,1,54,28,12,6
holzmre01,1975,NYK,NBA,1,38,44,0,0
johnsph01,1975,KCK,NBA,1,31,51,0,0
joneskc01,1975,WSB,NBA,1,48,34,3,4
leonasl01,1975,INA,ABA,1,39,45,1,2
loughke01,1975,NYA,ABA,1,55,29,8,5
maclejo01,1975,PHO,NBA,1,42,40,10,9
mottadi01,1975,CHI,NBA,1,24,58,0,0
mullajo01,1975,SSL,ABA,2,15,22,0,0
mussebi01,1975,SDS,ABA,1,3,8,0,0
mussebi01,1975,VIR,ABA,3,4,22,0,0
nissato01,1975,UTS,ABA,1,4,12,0,0
ramsaja01,1975,BUF,NBA,1,46,36,4,5
russebi01,1975,SEA,NBA,1,43,39,2,4
scottra01,1975,DET,NBA,1,17,25,0,0
sharmbi01,1975,LAL,NBA,1,40,42,0,0
shuege01,1975,PHI,NBA,1,46,36,1,2
thornro01,1975,SSL,ABA,1,20,27,0,0
tormobu01,1975,ATL,NBA,2,1,7,0,0
vanbrbu01,1975,NOJ,NBA,1,38,44,0,0
wilkele01,1975,POR,NBA,1,37,45,0,0
attleal01,1976,GSW,NBA,1,46,36,5,5
badgeed01,1976,CHI,NBA,1,44,38,1,2
bayloel01,1976,NOJ,NBA,2,21,35,0,0
brownhe01,1976,DET,NBA,1,44,38,1,2
brownhu01,1976,ATL,NBA,1,31,51,0,0
brownla01,1976,DEN,NBA,1,50,32,2,4
costela01,1976,MIL,NBA,1,3,15,0,0
fitchbi01,1976,CLE,NBA,1,43,39,1,2
heinsto01,1976,BOS,NBA,1,44,38,5,4
holzmre01,1976,NYK,NBA,1,40,42,0,0
johnsph01,1976,KCK,NBA,1,40,42,0,0
leonasl01,1976,IND,NBA,1,36,46,0,0
locketa01,1976,BUF,NBA,1,16,30,0,0
loughke01,1976,NYN,NBA,1,22,60,0,0
mackibo01,1976,BUF,NBA,2,3,4,0,0
maclejo01,1976,PHO,NBA,1,34,48,0,0
moedo01,1976,SAS,NBA,1,44,38,0,2
mottadi01,1976,WSB,NBA,1,48,34,4,5
mullajo01,1976,BUF,NBA,3,11,18,0,0
nelsodo01,1976,MIL,NBA,2,27,37,0,0
nissato01,1976,HOU,NBA,1,49,33,6,6
ramsaja01,1976,POR,NBA,1,49,33,14,5
russebi01,1976,SEA,NBA,1,40,42,0,0
shuege01,1976,PHI,NBA,1,50,32,10,9
vanbrbu01,1976,NOJ,NBA,1,14,12,0,0
westje01,1976,LAL,NBA,1,53,29,4,7
attleal01,1977,GSW,NBA,1,43,39,0,0
badgeed01,1977,CHI,NBA,1,40,42,0,0
bayloel01,1977,NOJ,NBA,1,39,43,0,0
brownhe01,1977,DET,NBA,1,9,15,0,0
brownhu01,1977,ATL,NBA,1,41,41,0,2
brownla01,1977,DEN,NBA,1,48,34,6,7
cunnibi01,1977,PHI,NBA,2,53,23,6,4
fitchbi01,1977,CLE,NBA,1,43,39,0,2
fitzsco01,1977,BUF,NBA,1,27,55,0,0
heinsto01,1977,BOS,NBA,1,11,23,0,0
hopkibo01,1977,SEA,NBA,1,5,17,0,0
johnsph01,1977,KCK,NBA,1,13,24,0,0
kauffbo01,1977,DET,NBA,2,29,29,0,0
leonasl01,1977,IND,NBA,1,31,51,0,0
loughke01,1977,NJN,NBA,1,24,58,0,0
maclejo01,1977,PHO,NBA,1,49,33,0,2
moedo01,1977,SAS,NBA,1,52,30,2,4
mottadi01,1977,WSB,NBA,1,44,38,14,7
nelsodo01,1977,MIL,NBA,1,44,38,5,4
nissato01,1977,HOU,NBA,1,28,54,0,0
ramsaja01,1977,POR,NBA,1,58,24,2,4
reedwi01,1977,NYK,NBA,1,43,39,2,4
sandeto01,1977,BOS,NBA,2,21,27,0,0
shuege01,1977,PHI,NBA,1,2,4,0,0
stavela01,1977,KCK,NBA,2,18,27,0,0
westje01,1977,LAL,NBA,1,45,37,1,2
wilkele01,1977,SEA,NBA,2,42,18,13,9
attleal01,1978,GSW,NBA,1,38,44,0,0
bayloel01,1978,NOJ,NBA,1,26,56,0,0
brownhu01,1978,ATL,NBA,1,46,36,5,4
brownla01,1978,DEN,NBA,1,28,25,0,0
costela01,1978,CHI,NBA,1,20,36,0,0
cowenda01,1978,BOS,NBA,2,27,41,0,0
cunnibi01,1978,PHI,NBA,1,47,35,5,4
fitchbi01,1978,CLE,NBA,1,30,52,0,0
fitzsco01,1978,KCK,NBA,1,48,34,1,4
holzmre01,1978,NYK,NBA,2,25,43,0,0
leonasl01,1978,IND,NBA,1,38,44,0,0
loughke01,1978,NJN,NBA,1,37,45,0,2
maclejo01,1978,PHO,NBA,1,50,32,9,6
moedo01,1978,SAS,NBA,1,48,34,7,7
mottadi01,1978,WSB,NBA,1,54,28,9,10
nelsodo01,1978,MIL,NBA,1,38,44,0,0
nissato01,1978,HOU,NBA,1,47,35,0,2
ramsaja01,1978,POR,NBA,1,45,37,1,2
reedwi01,1978,NYK,NBA,1,6,8,0,0
robersc01,1978,CHI,NBA,2,11,15,0,0
sandeto01,1978,BOS,NBA,1,2,12,0,0
shuege01,1978,SDC,NBA,1,43,39,0,0
vitaldi01,1978,DET,NBA,1,30,52,0,0
walshdo01,1978,DEN,NBA,2,19,10,1,2
westje01,1978,LAL,NBA,1,47,35,3,5
wilkele01,1978,SEA,NBA,1,52,30,12,5
adubari01,1979,DET,NBA,2,12,58,0,0
albecst01,1979,CLE,NBA,1,37,45,0,0
attleal01,1979,GSW,NBA,1,18,43,0,0
bachjo01,1979,GSW,NBA,2,6,15,0,0
bassbo01,1979,SAS,NBA,2,8,8,1,2
brownhu01,1979,ATL,NBA,1,50,32,1,4
cunnibi01,1979,PHI,NBA,1,59,23,12,6
fitchbi01,1979,BOS,NBA,1,61,21,5,4
fitzsco01,1979,KCK,NBA,1,47,35,1,2
harride02,1979,HOU,NBA,1,41,41,2,5
holzmre01,1979,NYK,NBA,1,39,43,0,0
leonasl01,1979,IND,NBA,1,37,45,0,0
loughke01,1979,NJN,NBA,1,34,48,0,0
maclejo01,1979,PHO,NBA,1,55,27,3,5
mckinja01,1979,LAL,NBA,1,10,4,0,0
moedo01,1979,SAS,NBA,1,33,33,0,0
mottadi01,1979,WSB,NBA,1,39,43,0,2
nelsodo01,1979,MIL,NBA,1,49,33,3,4
nissato01,1979,UTA,NBA,1,24,58,0,0
ramsaja01,1979,POR,NBA,1,38,44,1,2
shuege01,1979,SDC,NBA,1,35,47,0,0
sloanje01,1979,CHI,NBA,1,30,52,0,0
vitaldi01,1979,DET,NBA,1,4,8,0,0
walshdo01,1979,DEN,NBA,1,30,52,0,0
westhpa01,1979,LAL,NBA,2,50,18,12,4
wilkele01,1979,SEA,NBA,1,56,26,7,8
albecst01,1980,SAS,NBA,1,52,30,3,4
attleal01,1980,GSW,NBA,1,39,43,0,0
brownhu01,1980,ATL,NBA,1,31,48,0,0
cunnibi01,1980,PHI,NBA,1,62,20,9,7
delando01,1980,CLE,NBA,2,3,8,0,0
fitchbi01,1980,BOS,NBA,1,62,20,12,5
fitzsco01,1980,KCK,NBA,1,40,42,7,8
fratemi01,1980,ATL,NBA,2,0,3,0,0
harride02,1980,HOU,NBA,1,40,42,12,9
holzmre01,1980,NYK,NBA,1,50,32,0,2
loughke01,1980,NJN,NBA,1,12,23,0,0
mackibo01,1980,NJN,NBA,2,12,35,0,0
maclejo01,1980,PHO,NBA,1,57,25,3,4
mckinja01,1980,IND,NBA,1,44,38,0,2
moedo01,1980,DEN,NBA,2,26,25,0,0
mottadi01,1980,DAL,NBA,1,15,67,0,0
mussebi01,1980,CLE,NBA,1,25,46,0,0
nelsodo01,1980,MIL,NBA,1,60,22,3,4
nissato01,1980,UTA,NBA,1,28,54,0,0
ramsaja01,1980,POR,NBA,1,45,37,1,2
robersc01,1980,DET,NBA,1,21,61,0,0
shuege01,1980,WSB,NBA,1,39,43,0,0
silaspa01,1980,SDC,NBA,1,36,46,0,0
sloanje01,1980,CHI,NBA,1,45,37,2,4
walshdo01,1980,DEN,NBA,1,11,20,0,0
westhpa01,1980,LAL,NBA,1,54,28,1,2
wilkele01,1980,SEA,NBA,1,34,48,0,0
albecst01,1981,SAS,NBA,1,48,34,4,5
attleal01,1981,GSW,NBA,1,45,37,0,0
brownla01,1981,NJN,NBA,1,44,38,0,2
cunnibi01,1981,PHI,NBA,1,58,24,12,9
dalych01,1981,CLE,NBA,3,9,32,0,0
delando01,1981,CLE,NBA,1,4,11,0,0
fitchbi01,1981,BOS,NBA,1,63,19,7,5
fitzsco01,1981,KCK,NBA,1,30,52,0,0
harride02,1981,HOU,NBA,1,46,36,1,2
holzmre01,1981,NYK,NBA,1,33,49,0,0
johnsph01,1981,CHI,NBA,2,0,1,0,0
kloppbo01,1981,CLE,NBA,2,0,3,0,0
laydefr01,1981,UTA,NBA,2,17,45,0,0
loughke01,1981,ATL,NBA,1,42,40,0,2
maclejo01,1981,PHO,NBA,1,46,36,2,5
mckinja01,1981,IND,NBA,1,35,47,0,0
moedo01,1981,DEN,NBA,1,46,36,1,2
mottadi01,1981,DAL,NBA,1,28,54,0,0
mussebi01,1981,CLE,NBA,4,2,21,0,0
nelsodo01,1981,MIL,NBA,1,55,27,2,4
nissato01,1981,UTA,NBA,1,8,12,0,0
ramsaja01,1981,POR,NBA,1,42,40,0,0
rileypa01,1981,LAL,NBA,2,50,21,12,2
robersc01,1981,DET,NBA,1,39,43,0,0
shuege01,1981,WSB,NBA,1,43,39,3,4
silaspa01,1981,SDC,NBA,1,17,65,0,0
sloanje01,1981,CHI,NBA,1,19,32,0,0
thornro01,1981,CHI,NBA,3,15,15,0,0
westhpa01,1981,LAL,NBA,1,7,4,0,0
wilkele01,1981,SEA,NBA,1,52,30,3,5
albecst01,1982,SAS,NBA,1,53,29,6,5
attleal01,1982,GSW,NBA,1,30,52,0,0
blairbi01,1982,NJN,NBA,2,2,4,0,2
brownhu01,1982,NYK,NBA,1,44,38,2,4
brownla01,1982,NJN,NBA,1,47,29,0,0
cunnibi01,1982,PHI,NBA,1,65,17,12,1
fitchbi01,1982,BOS,NBA,1,56,26,2,5
fitzsco01,1982,KCK,NBA,1,45,37,0,0
harride02,1982,HOU,NBA,1,14,68,0,0
laydefr01,1982,UTA,NBA,1,30,52,0,0
loughke01,1982,ATL,NBA,1,43,39,1,2
maclejo01,1982,PHO,NBA,1,53,29,1,2
mckinja01,1982,IND,NBA,1,20,62,0,0
moedo01,1982,DEN,NBA,1,45,37,3,5
mottadi01,1982,DAL,NBA,1,38,44,0,0
nelsodo01,1982,MIL,NBA,1,51,31,5,4
nissato01,1982,CLE,NBA,1,23,59,0,0
ramsaja01,1982,POR,NBA,1,46,36,3,4
rileypa01,1982,LAL,NBA,1,58,24,8,7
robersc01,1982,DET,NBA,1,37,45,0,0
shuege01,1982,WSB,NBA,1,42,40,0,0
silaspa01,1982,SDC,NBA,1,25,57,0,0
westhpa01,1982,CHI,NBA,1,28,54,0,0
wilkele01,1982,SEA,NBA,1,48,34,0,2
albecst01,1983,NJN,NBA,1,45,37,5,6
bachjo01,1983,GSW,NBA,1,37,45,0,0
bassbo01,1983,SAS,NBA,2,26,25,0,0
brownhu01,1983,NYK,NBA,1,47,35,6,6
cunnibi01,1983,PHI,NBA,1,52,30,2,3
dalych01,1983,DET,NBA,1,49,33,2,3
fitchbi01,1983,HOU,NBA,1,29,53,0,0
fitzsco01,1983,KCK,NBA,1,38,44,0,3
fratemi01,1983,ATL,NBA,1,40,42,2,3
joneskc01,1983,BOS,NBA,1,62,20,15,8
laydefr01,1983,UTA,NBA,1,45,37,5,6
loughke01,1983,CHI,NBA,1,27,55,0,0
lynamji01,1983,SDC,NBA,1,30,52,0,0
maclejo01,1983,PHO,NBA,1,41,41,9,8
mchonmo01,1983,SAS,NBA,1,11,20,0,0
mckinja01,1983,IND,NBA,1,26,56,0,0
moedo01,1983,DEN,NBA,1,38,44,2,3
mottadi01,1983,DAL,NBA,1,43,39,4,6
nelsodo01,1983,MIL,NBA,1,50,32,8,8
nissato01,1983,CLE,NBA,1,28,54,0,0
ramsaja01,1983,POR,NBA,1,48,34,2,3
rileypa01,1983,LAL,NBA,1,54,28,14,7
shuege01,1983,WSB,NBA,1,35,47,1,3
wilkele01,1983,SEA,NBA,1,42,40,2,3
albecst01,1984,NJN,NBA,1,42,40,0,3
bachjo01,1984,GSW,NBA,1,22,60,0,0
brownhu01,1984,NYK,NBA,1,24,58,0,0
chanedo01,1984,LAC,NBA,2,9,12,0,0
cunnibi01,1984,PHI,NBA,1,58,24,8,5
dalych01,1984,DET,NBA,1,46,36,5,4
fitchbi01,1984,HOU,NBA,1,48,34,2,3
fitzsco01,1984,SAS,NBA,1,41,41,2,3
fratemi01,1984,ATL,NBA,1,34,48,0,0
irvinge01,1984,IND,NBA,1,22,60,0,0
johnsph01,1984,KCK,NBA,2,30,43,0,0
joneskc01,1984,BOS,NBA,1,63,19,13,8
karlge01,1984,CLE,NBA,1,36,46,1,3
laydefr01,1984,UTA,NBA,1,41,41,4,6
loughke01,1984,CHI,NBA,1,38,44,1,3
lynamji01,1984,LAC,NBA,1,22,39,0,0
maclejo01,1984,PHO,NBA,1,36,46,0,3
mckinja01,1984,KCK,NBA,1,1,8,0,0
moedo01,1984,DEN,NBA,1,52,30,8,7
mottadi01,1984,DAL,NBA,1,44,38,1,3
nelsodo01,1984,MIL,NBA,1,59,23,3,5
ramsaja01,1984,POR,NBA,1,42,40,4,5
rileypa01,1984,LAL,NBA,1,62,20,15,4
shuege01,1984,WSB,NBA,1,40,42,1,3
wilkele01,1984,SEA,NBA,1,31,51,0,0
albecst01,1985,CHI,NBA,1,30,52,0,3
bachjo01,1985,GSW,NBA,1,30,52,0,0
bickebe01,1985,SEA,NBA,1,31,51,0,0
brownhu01,1985,NYK,NBA,1,23,59,0,0
chanedo01,1985,LAC,NBA,1,32,50,0,0
dalych01,1985,DET,NBA,1,46,36,1,3
fitchbi01,1985,HOU,NBA,1,51,31,13,7
fitzsco01,1985,SAS,NBA,1,35,47,0,3
fratemi01,1985,ATL,NBA,1,50,32,4,5
guokama02,1985,PHI,NBA,1,54,28,6,6
irvinge01,1985,IND,NBA,1,26,56,0,0
johnsph01,1985,SAC,NBA,1,37,45,0,3
joneskc01,1985,BOS,NBA,1,67,15,15,3
karlge01,1985,CLE,NBA,1,25,42,0,0
laydefr01,1985,UTA,NBA,1,42,40,1,3
littlge01,1985,CLE,NBA,2,4,11,0,0
loughke01,1985,WSB,NBA,2,7,6,2,3
maclejo01,1985,PHO,NBA,1,32,50,0,0
moedo01,1985,DEN,NBA,1,47,35,5,5
mottadi01,1985,DAL,NBA,1,44,38,5,5
nelsodo01,1985,MIL,NBA,1,57,25,7,7
ramsaja01,1985,POR,NBA,1,40,42,1,3
rileypa01,1985,LAL,NBA,1,62,20,8,6
shuege01,1985,WSB,NBA,1,32,37,0,0
wohlda01,1985,NJN,NBA,1,39,43,0,3
bickebe01,1986,SEA,NBA,1,39,43,7,7
brownhu01,1986,NYK,NBA,1,4,12,0,0
chanedo01,1986,LAC,NBA,1,12,70,0,0
collido01,1986,CHI,NBA,1,40,42,0,3
dalych01,1986,DET,NBA,1,52,30,10,5
fitchbi01,1986,HOU,NBA,1,42,40,5,5
fratemi01,1986,ATL,NBA,1,57,25,4,5
guokama02,1986,PHI,NBA,1,45,37,2,3
hillbo01,1986,NYK,NBA,2,20,46,0,0
johnsph01,1986,SAC,NBA,1,14,32,0,0
joneskc01,1986,BOS,NBA,1,59,23,13,10
karlge01,1986,GSW,NBA,1,42,40,4,6
laydefr01,1986,UTA,NBA,1,44,38,2,3
loughke01,1986,WSB,NBA,1,42,40,0,3
maclejo01,1986,PHO,NBA,1,22,34,0,0
moedo01,1986,DEN,NBA,1,37,45,0,3
mottadi01,1986,DAL,NBA,1,55,27,1,3
nelsodo01,1986,MIL,NBA,1,50,32,6,6
ramsaja01,1986,IND,NBA,1,41,41,1,3
reynoje02,1986,SAC,NBA,2,15,21,0,0
rileypa01,1986,LAL,NBA,1,65,17,15,3
schulmi01,1986,POR,NBA,1,49,33,1,3
vanardi01,1986,PHO,NBA,2,14,12,0,0
weissbo01,1986,SAS,NBA,1,28,54,0,0
wilkele01,1986,CLE,NBA,1,31,51,0,0
wohlda01,1986,NJN,NBA,1,24,58,0,0
bickebe01,1987,SEA,NBA,1,44,38,2,3
collido01,1987,CHI,NBA,1,50,32,4,6
dalych01,1987,DET,NBA,1,54,28,14,9
fitchbi01,1987,HOU,NBA,1,46,36,1,3
fratemi01,1987,ATL,NBA,1,50,32,6,6
gregoed01,1987,GSW,NBA,2,4,14,0,0
guokama02,1987,PHI,NBA,1,20,23,0,0
harride02,1987,MIL,NBA,1,42,40,2,3
joneskc01,1987,BOS,NBA,1,57,25,9,8
karlge01,1987,GSW,NBA,1,16,48,0,0
laydefr01,1987,UTA,NBA,1,47,35,6,5
loughke01,1987,WSB,NBA,1,8,19,0,0
lynamji01,1987,PHI,NBA,2,16,23,0,0
mackibo01,1987,NJN,NBA,2,10,29,0,0
maclejo01,1987,DAL,NBA,1,53,29,10,7
moedo01,1987,DEN,NBA,1,54,28,5,6
pitinri01,1987,NYK,NBA,1,38,44,1,3
ramsaja01,1987,IND,NBA,1,38,44,0,0
reedwi01,1987,NJN,NBA,3,7,21,0,0
reynoje02,1987,SAC,NBA,2,7,17,0,0
rileypa01,1987,LAL,NBA,1,62,20,15,9
russebi01,1987,SAC,NBA,1,17,41,0,0
schulmi01,1987,POR,NBA,1,53,29,1,3
shuege01,1987,LAC,NBA,1,17,65,0,0
unselwe01,1987,WSB,NBA,2,30,25,2,3
weissbo01,1987,SAS,NBA,1,31,51,0,3
wetzejo01,1987,PHO,NBA,1,28,54,0,0
wilkele01,1987,CLE,NBA,1,42,40,2,3
wohlda01,1987,NJN,NBA,1,2,13,0,0
adelmri01,1988,POR,NBA,2,14,21,0,3
bickebe01,1988,SEA,NBA,1,46,30,3,5
brownla01,1988,SAS,NBA,1,21,61,0,0
caseydo01,1988,LAC,NBA,2,11,33,0,0
chanedo01,1988,HOU,NBA,1,45,37,1,3
collido01,1988,CHI,NBA,1,47,35,9,8
dalych01,1988,DET,NBA,1,63,19,15,2
danieme01,1988,IND,NBA,2,0,2,0,0
fitzsco01,1988,PHO,NBA,1,55,27,7,5
fratemi01,1988,ATL,NBA,1,52,30,2,3
harride02,1988,MIL,NBA,1,49,33,3,6
hartedi01,1988,CHH,NBA,1,20,62,0,0
irvinge01,1988,IND,NBA,3,6,14,0,0
kloppbo01,1988,SEA,NBA,3,1,4,0,0
laydefr01,1988,UTA,NBA,1,11,6,0,0
lynamji01,1988,PHI,NBA,1,46,36,0,3
maclejo01,1988,DAL,NBA,1,38,44,0,0
moedo01,1988,DEN,NBA,1,44,38,0,3
nelsodo01,1988,GSW,NBA,1,43,39,4,4
newelto01,1988,SEA,NBA,2,0,1,0,0
pitinri01,1988,NYK,NBA,1,52,30,5,4
ramsaja01,1988,IND,NBA,1,0,7,0,0
reedwi01,1988,NJN,NBA,1,26,56,0,0
reynoje02,1988,SAC,NBA,1,27,55,0,0
rileypa01,1988,LAL,NBA,1,57,25,11,4
rodgeji01,1988,BOS,NBA,1,42,40,0,3
rothsro01,1988,MIA,NBA,1,15,67,0,0
schulmi01,1988,POR,NBA,1,25,22,0,0
shuege01,1988,LAC,NBA,1,10,28,0,0
sloanje01,1988,UTA,NBA,2,40,25,0,3
unselwe01,1988,WSB,NBA,1,40,42,0,0
versadi01,1988,IND,NBA,4,22,31,0,0
wilkele01,1988,CLE,NBA,1,57,25,2,3
adelmri01,1989,POR,NBA,1,59,23,12,9
adubari01,1989,DAL,NBA,2,42,29,0,3
bickebe01,1989,SEA,NBA,1,41,41,0,0
brownla01,1989,SAS,NBA,1,56,26,6,4
caseydo01,1989,LAC,NBA,1,30,52,0,0
chanedo01,1989,HOU,NBA,1,41,41,1,3
dalych01,1989,DET,NBA,1,59,23,15,5
fitchbi01,1989,NJN,NBA,1,17,65,0,0
fitzsco01,1989,PHO,NBA,1,54,28,9,7
fratemi01,1989,ATL,NBA,1,41,41,0,0
guokama02,1989,ORL,NBA,1,18,64,0,0
harride02,1989,MIL,NBA,1,44,38,1,3
hartedi01,1989,CHH,NBA,1,8,32,0,0
jacksph01,1989,CHI,NBA,1,55,27,10,6
jacksst03,1989,NYK,NBA,1,45,37,4,6
littlge01,1989,CHH,NBA,2,11,31,0,0
lynamji01,1989,PHI,NBA,1,53,29,4,6
maclejo01,1989,DAL,NBA,1,5,6,0,0
moedo01,1989,DEN,NBA,1,43,39,0,3
mottadi01,1989,SAC,NBA,2,16,38,0,0
mussebi01,1989,MIN,NBA,1,22,60,0,0
nelsodo01,1989,GSW,NBA,1,37,45,0,0
reynoje02,1989,SAC,NBA,1,7,21,0,0
rileypa01,1989,LAL,NBA,1,63,19,4,5
rodgeji01,1989,BOS,NBA,1,52,30,2,3
rothsro01,1989,MIA,NBA,1,18,64,0,0
sloanje01,1989,UTA,NBA,1,55,27,2,3
unselwe01,1989,WSB,NBA,1,31,51,0,0
versadi01,1989,IND,NBA,1,42,40,0,3
wilkele01,1989,CLE,NBA,1,42,40,2,3
adelmri01,1990,POR,NBA,1,63,19,9,7
adubari01,1990,DAL,NBA,1,28,54,0,0
brownla01,1990,SAS,NBA,1,55,27,1,3
chanedo01,1990,HOU,NBA,1,52,30,0,3
dalych01,1990,DET,NBA,1,50,32,7,8
dunlemi01,1990,LAL,NBA,1,58,24,12,7
fitchbi01,1990,NJN,NBA,1,26,56,0,0
fitzsco01,1990,PHO,NBA,1,55,27,1,3
fordch01,1990,BOS,NBA,1,56,26,5,6
guokama02,1990,ORL,NBA,1,31,51,0,0
harride02,1990,MIL,NBA,1,48,34,0,3
hillbo01,1990,IND,NBA,2,32,25,2,3
jacksph01,1990,CHI,NBA,1,61,21,15,2
jacksst03,1990,NYK,NBA,1,7,8,0,0
joneskc01,1990,SEA,NBA,1,41,41,2,3
littlge01,1990,CHH,NBA,1,26,56,0,0
lynamji01,1990,PHI,NBA,1,44,38,4,4
maclejo01,1990,NYK,NBA,2,32,35,0,3
mottadi01,1990,SAC,NBA,1,25,57,0,0
mussebi01,1990,MIN,NBA,1,29,53,0,0
nelsodo01,1990,GSW,NBA,1,44,38,4,5
rothsro01,1990,MIA,NBA,1,24,58,0,0
schulmi01,1990,LAC,NBA,1,31,51,0,0
sloanje01,1990,UTA,NBA,1,54,28,4,5
unselwe01,1990,WSB,NBA,1,30,52,0,0
versadi01,1990,IND,NBA,1,9,16,0,0
weissbo01,1990,ATL,NBA,1,43,39,2,3
westhpa01,1990,DEN,NBA,1,20,62,0,0
wilkele01,1990,CLE,NBA,1,33,49,0,0
adelmri01,1991,POR,NBA,1,57,25,13,8
adubari01,1991,DAL,NBA,1,22,60,0,0
bassbo01,1991,SAS,NBA,2,26,18,0,3
bristal01,1991,CHH,NBA,1,31,51,0,0
brownla01,1991,LAC,NBA,3,23,12,2,3
brownla01,1991,SAS,NBA,1,21,17,0,0
calvima01,1991,LAC,NBA,2,1,1,0,0
chanedo01,1991,HOU,NBA,1,26,26,0,0
dalych01,1991,DET,NBA,1,48,34,2,3
dunlemi01,1991,LAL,NBA,1,43,39,1,3
fitchbi01,1991,NJN,NBA,1,40,42,1,3
fitzsco01,1991,PHO,NBA,1,53,29,4,4
fordch01,1991,BOS,NBA,1,51,31,6,4
guokama02,1991,ORL,NBA,1,21,61,0,0
hamblfr01,1991,MIL,NBA,2,23,42,0,0
harride02,1991,MIL,NBA,1,8,9,0,0
hillbo01,1991,IND,NBA,1,40,42,0,3
hughere01,1991,SAC,NBA,2,22,35,0,0
jacksph01,1991,CHI,NBA,1,67,15,15,7
joneskc01,1991,SEA,NBA,1,18,18,0,0
karlge01,1991,SEA,NBA,3,27,15,4,5
kloppbo01,1991,SEA,NBA,2,2,2,0,0
loughke01,1991,MIA,NBA,1,38,44,0,3
lynamji01,1991,PHI,NBA,1,35,47,0,0
mottadi01,1991,SAC,NBA,1,7,18,0,0
nelsodo01,1991,GSW,NBA,1,55,27,1,3
rileypa01,1991,NYK,NBA,1,51,31,6,6
rodgeji01,1991,MIN,NBA,1,15,67,0,0
schulmi01,1991,LAC,NBA,1,21,24,0,0
sloanje01,1991,UTA,NBA,1,55,27,9,7
tomjaru01,1991,HOU,NBA,2,16,14,0,0
unselwe01,1991,WSB,NBA,1,25,57,0,0
weissbo01,1991,ATL,NBA,1,38,44,0,0
westhpa01,1991,DEN,NBA,1,24,58,0,0
wilkele01,1991,CLE,NBA,1,57,25,9,8
adelmri01,1992,POR,NBA,1,51,31,1,3
adubari01,1992,DAL,NBA,1,2,27,0,0
bristal01,1992,CHH,NBA,1,44,38,4,5
brownla01,1992,LAC,NBA,1,41,41,2,3
cartefr01,1992,PHI,NBA,2,7,19,0,0
dalych01,1992,NJN,NBA,1,43,39,2,3
dunlemi01,1992,MIL,NBA,1,28,54,0,0
fordch01,1992,BOS,NBA,1,48,34,1,3
guokama02,1992,ORL,NBA,1,41,41,0,0
heardga01,1992,DAL,NBA,2,9,44,0,0
hillbo01,1992,IND,NBA,1,41,41,1,3
hughere01,1992,SAS,NBA,2,1,0,0,0
isselda01,1992,DEN,NBA,1,36,46,0,0
jacksph01,1992,CHI,NBA,1,57,25,15,4
karlge01,1992,SEA,NBA,1,55,27,10,9
loughke01,1992,MIA,NBA,1,36,46,0,0
lowesi01,1992,MIN,NBA,2,13,40,0,0
lucasjo01,1992,SAS,NBA,3,39,22,5,5
moedo01,1992,PHI,NBA,1,19,37,0,0
nelsodo01,1992,GSW,NBA,1,34,48,0,0
pfundra01,1992,LAL,NBA,1,39,43,2,3
rileypa01,1992,NYK,NBA,1,60,22,9,6
rodgeji01,1992,MIN,NBA,1,6,23,0,0
rothsro01,1992,DET,NBA,1,40,42,0,0
sloanje01,1992,UTA,NBA,1,47,35,2,3
stjeaga01,1992,SAC,NBA,1,25,57,0,0
tarkaje01,1992,SAS,NBA,1,9,11,0,0
tomjaru01,1992,HOU,NBA,1,55,27,6,6
unselwe01,1992,WSB,NBA,1,22,60,0,0
weissbo01,1992,ATL,NBA,1,43,39,0,3
westppa01,1992,PHO,NBA,1,62,20,13,11
wilkele01,1992,CLE,NBA,1,54,28,3,6
adelmri01,1993,POR,NBA,1,47,35,1,3
bertkbi01,1993,LAL,NBA,2,1,1,0,0
bristal01,1993,CHH,NBA,1,41,41,0,0
brownla01,1993,IND,NBA,1,47,35,10,6
bucknqu01,1993,DAL,NBA,1,13,69,0,0
cartefr01,1993,PHI,NBA,1,25,57,0,0
chanedo01,1993,DET,NBA,1,20,62,0,0
dalych01,1993,NJN,NBA,1,45,37,1,3
dunlemi01,1993,MIL,NBA,1,20,62,0,0
fordch01,1993,BOS,NBA,1,32,50,0,0
fratemi01,1993,CLE,NBA,1,47,35,0,3
hillbr01,1993,ORL,NBA,1,50,32,0,3
isselda01,1993,DEN,NBA,1,42,40,6,6
jacksph01,1993,CHI,NBA,1,55,27,6,4
johnsma02,1993,LAL,NBA,3,5,11,0,0
karlge01,1993,SEA,NBA,1,63,19,2,3
loughke01,1993,MIA,NBA,1,42,40,2,3
lowesi01,1993,MIN,NBA,1,20,62,0,0
lucasjo01,1993,SAS,NBA,1,55,27,1,3
nelsodo01,1993,GSW,NBA,1,50,32,0,3
pfundra01,1993,LAL,NBA,1,27,37,0,0
rileypa01,1993,NYK,NBA,1,57,25,14,11
sloanje01,1993,UTA,NBA,1,53,29,8,8
stjeaga01,1993,SAC,NBA,1,28,54,0,0
tomjaru01,1993,HOU,NBA,1,58,24,15,8
unselwe01,1993,WSB,NBA,1,24,58,0,0
weissbo01,1993,LAC,NBA,1,27,55,0,0
westppa01,1993,PHO,NBA,1,56,26,6,4
wilkele01,1993,ATL,NBA,1,57,25,5,6
beardbu01,1994,NJN,NBA,1,30,52,0,0
bickebe01,1994,DEN,NBA,3,20,12,0,3
blairbi01,1994,MIN,NBA,1,21,61,0,0
bristal01,1994,CHH,NBA,1,50,32,1,3
brownla01,1994,IND,NBA,1,52,30,10,7
carlepj01,1994,POR,NBA,1,44,38,0,3
chanedo01,1994,DET,NBA,1,28,54,0,0
dunlemi01,1994,MIL,NBA,1,34,48,0,0
fitchbi01,1994,LAC,NBA,1,17,65,0,0
fordch01,1994,BOS,NBA,1,35,47,1,3
fratemi01,1994,CLE,NBA,1,43,39,1,3
gentral01,1994,MIA,NBA,2,15,21,0,0
harride02,1994,LAL,NBA,1,48,34,5,5
hillbo01,1994,SAS,NBA,1,62,20,9,6
hillbr01,1994,ORL,NBA,1,57,25,11,10
isselda01,1994,DEN,NBA,1,18,16,0,0
jacksph01,1994,CHI,NBA,1,47,35,5,5
karlge01,1994,SEA,NBA,1,57,25,1,3
laniebo01,1994,GSW,NBA,2,12,25,0,0
littlge01,1994,DEN,NBA,2,3,13,0,0
loughke01,1994,MIA,NBA,1,17,29,0,0
lucasjo01,1994,PHI,NBA,1,24,58,0,0
lynamji01,1994,WSB,NBA,1,21,61,0,0
mottadi01,1994,DAL,NBA,1,36,46,0,0
nelsodo01,1994,GSW,NBA,1,14,31,0,0
rileypa01,1994,NYK,NBA,1,55,27,6,5
sloanje01,1994,UTA,NBA,1,60,22,2,3
stjeaga01,1994,SAC,NBA,1,39,43,0,0
tomjaru01,1994,HOU,NBA,1,47,35,15,7
westppa01,1994,PHO,NBA,1,59,23,6,4
wilkele01,1994,ATL,NBA,1,42,40,0,3
adelmri01,1995,GSW,NBA,1,36,46,0,0
beardbu01,1995,NJN,NBA,1,30,52,0,0
bickebe01,1995,DEN,NBA,1,35,47,0,0
blairbi01,1995,MIN,NBA,1,6,14,0,0
bristal01,1995,CHH,NBA,1,41,41,0,0
brownla01,1995,IND,NBA,1,52,30,2,3
carlepj01,1995,POR,NBA,1,44,38,2,3
carrml01,1995,BOS,NBA,1,33,49,0,0
collido01,1995,DET,NBA,1,46,36,0,3
dunlemi01,1995,MIL,NBA,1,25,57,0,0
fitchbi01,1995,LAC,NBA,1,29,53,0,0
fitzsco01,1995,PHO,NBA,2,27,22,1,3
fratemi01,1995,CLE,NBA,1,47,35,0,3
harride02,1995,LAL,NBA,1,53,29,1,3
hillbo01,1995,SAS,NBA,1,59,23,5,5
hillbr01,1995,ORL,NBA,1,60,22,7,5
jacksph01,1995,CHI,NBA,1,72,10,15,3
karlge01,1995,SEA,NBA,1,64,18,13,8
lucasjo01,1995,PHI,NBA,1,18,64,0,0
lynamji01,1995,WSB,NBA,1,39,43,0,0
malonbr01,1995,TOR,NBA,1,21,61,0,0
mottadi01,1995,DAL,NBA,1,26,56,0,0
nelsodo01,1995,NYK,NBA,1,34,25,0,0
rileypa01,1995,MIA,NBA,1,42,40,0,3
saundfl01,1995,MIN,NBA,2,20,42,0,0
sloanje01,1995,UTA,NBA,1,55,27,10,8
stjeaga01,1995,SAC,NBA,1,39,43,1,3
tomjaru01,1995,HOU,NBA,1,48,34,3,5
vanguje01,1995,NYK,NBA,2,13,10,4,4
westppa01,1995,PHO,NBA,1,14,19,0,0
wilkele01,1995,ATL,NBA,1,46,36,4,6
wintebr01,1995,VAN,NBA,1,15,67,0,0
adelmri01,1996,GSW,NBA,1,30,52,0,0
adubari01,1996,ORL,NBA,2,21,12,2,3
aingeda01,1996,PHO,NBA,2,40,34,2,3
bickebe01,1996,DEN,NBA,1,4,9,0,0
bickebe01,1996,WSB,NBA,3,22,13,0,3
brownla01,1996,IND,NBA,1,39,43,0,0
calipjo01,1996,NJN,NBA,1,26,56,0,0
carlepj01,1996,POR,NBA,1,49,33,1,3
carrml01,1996,BOS,NBA,1,15,67,0,0
cleamji01,1996,DAL,NBA,1,24,58,0,0
collido01,1996,DET,NBA,1,54,28,2,3
cowenda01,1996,CHH,NBA,1,54,28,0,3
davisjo01,1996,PHI,NBA,1,22,60,0,0
fitchbi01,1996,LAC,NBA,1,36,46,0,3
fitzsco01,1996,PHO,NBA,1,0,8,0,0
fordch01,1996,MIL,NBA,1,33,49,0,0
fratemi01,1996,CLE,NBA,1,42,40,0,0
harride02,1996,LAL,NBA,1,56,26,4,5
hillbo01,1996,SAS,NBA,1,3,15,0,0
hillbr01,1996,ORL,NBA,1,24,25,0,0
jacksph01,1996,CHI,NBA,1,69,13,15,4
jacksst03,1996,VAN,NBA,2,6,33,0,0
jordaed01,1996,SAC,NBA,2,6,9,0,0
karlge01,1996,SEA,NBA,1,57,25,6,6
lynamji01,1996,WSB,NBA,1,22,24,0,0
mottadi01,1996,DEN,NBA,2,17,52,0,0
popovgr01,1996,SAS,NBA,2,17,47,0,0
rileypa01,1996,MIA,NBA,1,61,21,8,9
saundfl01,1996,MIN,NBA,1,40,42,0,3
sloanje01,1996,UTA,NBA,1,64,18,13,7
staakbo01,1996,WSB,NBA,2,0,1,0,0
stjeaga01,1996,SAC,NBA,1,28,39,0,0
tomjaru01,1996,HOU,NBA,1,57,25,9,7
vanguje01,1996,NYK,NBA,1,57,25,6,4
walkeda01,1996,TOR,NBA,1,30,52,0,0
wilkele01,1996,ATL,NBA,1,56,26,4,6
wintebr01,1996,VAN,NBA,1,8,35,0,0
aingeda01,1997,PHO,NBA,1,56,26,1,3
bickebe01,1997,WAS,NBA,1,42,40,0,0
birdla01,1997,IND,NBA,1,58,24,10,6
brownla01,1997,PHI,NBA,1,31,51,0,0
calipjo01,1997,NJN,NBA,1,43,39,0,3
carlepj01,1997,GSW,NBA,1,19,63,0,0
cartebu01,1997,TOR,NBA,2,5,28,0,0
cleamji01,1997,DAL,NBA,1,4,12,0,0
collido01,1997,DET,NBA,1,21,24,0,0
cowenda01,1997,CHH,NBA,1,51,31,4,5
dalych01,1997,ORL,NBA,1,41,41,0,0
dunlemi01,1997,POR,NBA,1,46,36,1,3
fitchbi01,1997,LAC,NBA,1,17,65,0,0
fordch01,1997,MIL,NBA,1,36,46,0,0
fratemi01,1997,CLE,NBA,1,47,35,1,3
gentral01,1997,DET,NBA,2,16,21,0,0
hanzlbi01,1997,DEN,NBA,1,11,71,0,0
harride02,1997,LAL,NBA,1,61,21,7,6
hillbr01,1997,VAN,NBA,1,19,63,0,0
jacksph01,1997,CHI,NBA,1,62,20,15,6
jordaed01,1997,SAC,NBA,1,27,55,0,0
karlge01,1997,SEA,NBA,1,61,21,4,6
nelsodo01,1997,DAL,NBA,2,16,50,0,0
pitinri01,1997,BOS,NBA,1,36,46,0,0
popovgr01,1997,SAS,NBA,1,56,26,4,5
rileypa01,1997,MIA,NBA,1,55,27,2,3
saundfl01,1997,MIN,NBA,1,45,37,2,3
sloanje01,1997,UTA,NBA,1,62,20,13,7
tomjaru01,1997,HOU,NBA,1,41,41,2,3
vanguje01,1997,NYK,NBA,1,43,39,4,6
walkeda01,1997,TOR,NBA,1,11,38,0,0
wilkele01,1997,ATL,NBA,1,50,32,1,3
adelmri01,1998,SAC,NBA,1,27,23,2,3
aingeda01,1998,PHO,NBA,1,27,23,0,3
bertkbi01,1998,LAL,NBA,2,1,0,0,0
bickebe01,1998,WAS,NBA,1,13,19,0,0
birdla01,1998,IND,NBA,1,33,17,9,4
broveji01,1998,WAS,NBA,2,5,13,0,0
brownla01,1998,PHI,NBA,1,28,22,3,5
calipjo01,1998,NJN,NBA,1,3,17,0,0
carlepj01,1998,GSW,NBA,1,21,29,0,0
cartebu01,1998,TOR,NBA,1,23,27,0,0
caseydo01,1998,NJN,NBA,2,13,17,0,0
cowenda01,1998,CHH,NBA,1,4,11,0,0
dalych01,1998,ORL,NBA,1,33,17,1,3
dantomi01,1998,DEN,NBA,1,14,36,0,0
dunlemi01,1998,POR,NBA,1,35,15,7,6
floydti01,1998,CHI,NBA,1,13,37,0,0
fordch01,1998,LAC,NBA,1,9,41,0,0
fratemi01,1998,CLE,NBA,1,22,28,0,0
gentral01,1998,DET,NBA,1,29,21,2,3
harride02,1998,LAL,NBA,1,6,6,0,0
hillbr01,1998,VAN,NBA,1,8,42,0,0
karlge01,1998,MIL,NBA,1,28,22,0,3
nelsodo01,1998,DAL,NBA,1,19,31,0,0
pitinri01,1998,BOS,NBA,1,19,31,0,0
popovgr01,1998,SAS,NBA,1,37,13,15,2
rambiku01,1998,LAL,NBA,3,24,13,3,5
rileypa01,1998,MIA,NBA,1,33,17,2,3
saundfl01,1998,MIN,NBA,1,25,25,1,3
silaspa01,1998,CHH,NBA,2,22,13,0,0
sloanje01,1998,UTA,NBA,1,37,13,5,6
tomjaru01,1998,HOU,NBA,1,31,19,1,3
vanguje01,1998,NYK,NBA,1,27,23,12,8
westppa01,1998,SEA,NBA,1,25,25,0,0
wilkele01,1998,ATL,NBA,1,31,19,3,6
adelmri01,1999,SAC,NBA,1,44,38,2,3
aingeda01,1999,PHO,NBA,1,13,7,0,0
birdla01,1999,IND,NBA,1,56,26,13,10
brownla01,1999,PHI,NBA,1,49,33,5,5
carlepj01,1999,GSW,NBA,1,6,21,0,0
cartebu01,1999,TOR,NBA,1,45,37,0,3
caseydo01,1999,NJN,NBA,1,31,51,0,0
dunlemi01,1999,POR,NBA,1,59,23,10,6
floydti01,1999,CHI,NBA,1,17,65,0,0
fordch01,1999,LAC,NBA,1,11,34,0,0
gentral01,1999,DET,NBA,1,28,30,0,0
heardga01,1999,WAS,NBA,2,14,30,0,0
hillbr01,1999,VAN,NBA,1,4,18,0,0
hollili01,1999,VAN,NBA,2,18,42,0,0
irvinge01,1999,DET,NBA,2,14,10,0,3
isselda01,1999,DEN,NBA,1,35,47,0,0
jacksph01,1999,LAL,NBA,1,67,15,15,8
karlge01,1999,MIL,NBA,1,42,40,2,3
nelsodo01,1999,DAL,NBA,1,40,42,0,0
pitinri01,1999,BOS,NBA,1,35,47,0,0
popovgr01,1999,SAS,NBA,1,53,29,1,3
rileypa01,1999,MIA,NBA,1,52,30,6,4
riverdo01,1999,ORL,NBA,1,41,41,0,0
saundfl01,1999,MIN,NBA,1,50,32,1,3
silaspa01,1999,CHH,NBA,1,49,33,1,3
skilesc01,1999,PHO,NBA,2,40,22,4,5
sloanje01,1999,UTA,NBA,1,55,27,4,6
stjeaga01,1999,GSW,NBA,2,13,42,0,0
toddji01,1999,LAC,NBA,2,4,33,0,0
tomjaru01,1999,HOU,NBA,1,34,48,0,0
vanguje01,1999,NYK,NBA,1,50,32,9,7
walkeda01,1999,WAS,NBA,1,15,23,0,0
westppa01,1999,SEA,NBA,1,45,37,2,3
wilkele01,1999,ATL,NBA,1,28,54,0,0
wittmra01,1999,CLE,NBA,1,32,50,0,0
adelmri01,2000,SAC,NBA,1,55,27,3,5
brownla01,2000,PHI,NBA,1,56,26,12,11
cowenda01,2000,GSW,NBA,1,17,65,0,0
dunlemi01,2000,POR,NBA,1,50,32,0,3
floydti01,2000,CHI,NBA,1,15,67,0,0
gentral01,2000,LAC,NBA,1,31,51,0,0
hamille01,2000,WAS,NBA,1,19,63,0,0
irvinge01,2000,DET,NBA,1,32,50,0,0
isselda01,2000,DEN,NBA,1,40,42,0,0
jacksph01,2000,LAL,NBA,1,56,26,15,1
karlge01,2000,MIL,NBA,1,52,30,10,8
krugelo01,2000,ATL,NBA,1,25,57,0,0
lowesi01,2000,VAN,NBA,1,23,59,0,0
mcmilna01,2000,SEA,NBA,2,38,29,0,0
nelsodo01,2000,DAL,NBA,1,53,29,4,6
obrieji03,2000,BOS,NBA,2,24,24,0,0
pitinri01,2000,BOS,NBA,1,12,22,0,0
popovgr01,2000,SAS,NBA,1,58,24,7,6
rileypa01,2000,MIA,NBA,1,50,32,0,3
riverdo01,2000,ORL,NBA,1,43,39,1,3
saundfl01,2000,MIN,NBA,1,47,35,1,3
scottby01,2000,NJN,NBA,1,26,56,0,0
silaspa01,2000,CHH,NBA,1,46,36,6,4
skilesc01,2000,PHO,NBA,1,51,31,1,3
sloanje01,2000,UTA,NBA,1,53,29,2,3
thomais01,2000,IND,NBA,1,41,41,1,3
tomjaru01,2000,HOU,NBA,1,45,37,0,0
vanguje01,2000,NYK,NBA,1,48,34,2,3
westppa01,2000,SEA,NBA,1,6,9,0,0
wilkele01,2000,TOR,NBA,1,47,35,6,6
wittmra01,2000,CLE,NBA,1,30,52,0,0
adelmri01,2001,SAC,NBA,1,61,21,10,6
berrybi01,2001,CHI,NBA,2,0,2,0,0
brownla01,2001,PHI,NBA,1,43,39,2,3
carliri01,2001,DET,NBA,1,50,32,4,6
cartwbi01,2001,CHI,NBA,3,17,38,0,0
chanedo01,2001,NYK,NBA,2,20,43,0,0
cheekma01,2001,POR,NBA,1,49,33,0,3
collido01,2001,WAS,NBA,1,37,45,0,0
cowenda01,2001,GSW,NBA,1,8,15,0,0
evansmi01,2001,DEN,NBA,2,18,38,0,0
floydti01,2001,CHI,NBA,1,4,21,0,0
gentral01,2001,LAC,NBA,1,39,43,0,0
isselda01,2001,DEN,NBA,1,9,17,0,0
jacksph01,2001,LAL,NBA,1,58,24,15,4
johnsfr01,2001,PHO,NBA,2,11,20,0,0
karlge01,2001,MIL,NBA,1,41,41,0,0
krugelo01,2001,ATL,NBA,1,33,49,0,0
lowesi01,2001,MEM,NBA,1,23,59,0,0
lucasjo01,2001,CLE,NBA,1,29,53,0,0
mcmilna01,2001,SEA,NBA,1,45,37,2,3
nelsodo01,2001,DAL,NBA,1,57,25,4,4
obrieji03,2001,BOS,NBA,1,49,33,9,7
popovgr01,2001,SAS,NBA,1,58,24,4,6
rileypa01,2001,MIA,NBA,1,36,46,0,0
riverdo01,2001,ORL,NBA,1,44,38,1,3
saundfl01,2001,MIN,NBA,1,50,32,0,3
scottby01,2001,NJN,NBA,1,52,30,11,9
silaspa01,2001,CHH,NBA,1,44,38,4,5
skilesc01,2001,PHO,NBA,1,25,26,0,0
sloanje01,2001,UTA,NBA,1,44,38,1,3
thomais01,2001,IND,NBA,1,42,40,2,3
tomjaru01,2001,HOU,NBA,1,28,54,0,0
vanguje01,2001,NYK,NBA,1,10,9,0,0
wilkele01,2001,TOR,NBA,1,42,40,2,3
wintebr01,2001,GSW,NBA,2,13,46,0,0
adelmri01,2002,SAC,NBA,1,59,23,7,5
brownhu01,2002,MEM,NBA,2,28,46,0,0
brownla01,2002,PHI,NBA,1,48,34,6,6
bzdelje01,2002,DEN,NBA,1,17,65,0,0
carliri01,2002,DET,NBA,1,50,32,8,9
cartwbi01,2002,CHI,NBA,1,30,52,0,0
chanedo01,2002,NYK,NBA,1,37,45,0,0
cheekma01,2002,POR,NBA,1,50,32,3,4
collido01,2002,WAS,NBA,1,37,45,0,0
gentral01,2002,LAC,NBA,1,19,39,0,0
jacksph01,2002,LAL,NBA,1,50,32,6,6
johnsde01,2002,LAC,NBA,2,8,16,0,0
johnsfr01,2002,PHO,NBA,1,44,38,2,4
karlge01,2002,MIL,NBA,1,42,40,2,4
krugelo01,2002,ATL,NBA,1,11,16,0,0
lowesi01,2002,MEM,NBA,1,0,8,0,0
lucasjo01,2002,CLE,NBA,1,8,34,0,0
mcmilna01,2002,SEA,NBA,1,40,42,0,0
musseer01,2002,GSW,NBA,1,38,44,0,0
nelsodo01,2002,DAL,NBA,1,60,22,10,10
obrieji03,2002,BOS,NBA,1,44,38,4,6
popovgr01,2002,SAS,NBA,1,60,22,16,8
rileypa01,2002,MIA,NBA,1,25,57,0,0
riverdo01,2002,ORL,NBA,1,42,40,3,4
saundfl01,2002,MIN,NBA,1,51,31,2,4
scottby01,2002,NJN,NBA,1,49,33,14,6
silaspa01,2002,NOH,NBA,1,47,35,2,4
sloanje01,2002,UTA,NBA,1,47,35,1,4
smartke01,2002,CLE,NBA,2,9,31,0,0
stottte01,2002,ATL,NBA,2,24,31,0,0
thomais01,2002,IND,NBA,1,48,34,2,4
tomjaru01,2002,HOU,NBA,1,43,39,0,0
wilkele01,2002,TOR,NBA,1,24,58,0,0
adelmri01,2003,SAC,NBA,1,55,27,7,5
ayersra01,2003,PHI,NBA,1,21,31,0,0
brownhu01,2003,MEM,NBA,1,50,32,0,4
brownla01,2003,DET,NBA,1,54,28,16,7
bzdelje01,2003,DEN,NBA,1,43,39,1,4
carliri01,2003,IND,NBA,1,61,21,10,6
carrojo02,2003,BOS,NBA,2,14,22,0,4
cartwbi01,2003,CHI,NBA,1,4,10,0,0
chanedo01,2003,NYK,NBA,1,15,24,0,0
cheekma01,2003,POR,NBA,1,41,41,0,0
dantomi01,2003,PHO,NBA,2,21,40,0,0
davisjo01,2003,ORL,NBA,2,20,51,0,0
dunlemi01,2003,LAC,NBA,1,28,54,0,0
floydti01,2003,NOH,NBA,1,41,41,3,4
fordch01,2003,PHI,NBA,2,12,18,0,0
frankla01,2003,NJN,NBA,2,25,15,7,4
jacksph01,2003,LAL,NBA,1,56,26,13,9
johnsfr01,2003,PHO,NBA,1,8,13,0,0
jordaed01,2003,WAS,NBA,1,25,57,0,0
mcmilna01,2003,SEA,NBA,1,37,45,0,0
musseer01,2003,GSW,NBA,1,37,45,0,0
myerspe01,2003,CHI,NBA,2,0,2,0,0
nelsodo01,2003,DAL,NBA,1,52,30,1,4
obrieji03,2003,BOS,NBA,1,22,24,0,0
oneilke01,2003,TOR,NBA,1,33,49,0,0
popovgr01,2003,SAS,NBA,1,57,25,6,4
portete01,2003,MIL,NBA,1,41,41,1,4
riverdo01,2003,ORL,NBA,1,1,10,0,0
saundfl01,2003,MIN,NBA,1,58,24,10,8
scottby01,2003,NJN,NBA,1,22,20,0,0
silaspa01,2003,CLE,NBA,1,35,47,0,0
skilesc01,2003,CHI,NBA,3,19,47,0,0
sloanje01,2003,UTA,NBA,1,42,40,0,0
stottte01,2003,ATL,NBA,1,28,54,0,0
vanguje01,2003,HOU,NBA,1,45,37,1,4
vangust01,2003,MIA,NBA,1,42,40,6,7
wilkele01,2003,NYK,NBA,3,23,19,0,4
willihe01,2003,NYK,NBA,2,1,0,0,0
adelmri01,2004,SAC,NBA,1,50,32,1,4
bickebe01,2004,CHA,NBA,1,18,64,0,0
brownhu01,2004,MEM,NBA,1,5,7,0,0
brownla01,2004,DET,NBA,1,54,28,15,10
bzdelje01,2004,DEN,NBA,1,13,15,0,0
carliri01,2004,IND,NBA,1,44,38,6,7
cheekma01,2004,POR,NBA,1,22,33,0,0
coopemi01,2004,DEN,NBA,2,4,10,0,0
dantomi01,2004,PHO,NBA,1,62,20,9,6
davisjo01,2004,ORL,NBA,1,31,33,0,0
dunlemi01,2004,LAC,NBA,1,37,45,0,0
frankla01,2004,NJN,NBA,1,42,40,0,4
fratemi01,2004,MEM,NBA,2,40,30,0,4
hamblfr01,2004,LAL,NBA,2,10,29,0,0
jentch01,2004,ORL,NBA,2,5,13,0,0
johnsav01,2004,DAL,NBA,2,16,2,6,7
jordaed01,2004,WAS,NBA,1,45,37,4,6
karlge01,2004,DEN,NBA,3,32,8,1,4
malonbr01,2004,CLE,NBA,2,8,10,0,0
mchalke01,2004,MIN,NBA,2,19,12,0,0
mcmilna01,2004,SEA,NBA,1,52,30,6,5
mitchsa01,2004,TOR,NBA,1,33,49,0,0
montgmi01,2004,GSW,NBA,1,34,48,0,0
nelsodo01,2004,DAL,NBA,1,42,22,0,0
obrieji03,2004,PHI,NBA,1,43,39,1,4
popovgr01,2004,SAS,NBA,1,59,23,16,7
portete01,2004,MIL,NBA,1,30,52,0,0
pritcke01,2004,POR,NBA,2,5,22,0,0
riverdo01,2004,BOS,NBA,1,45,37,3,4
saundfl01,2004,MIN,NBA,1,25,26,0,0
scottby01,2004,NOH,NBA,1,18,64,0,0
silaspa01,2004,CLE,NBA,1,34,30,0,0
skilesc01,2004,CHI,NBA,1,47,35,2,4
sloanje01,2004,UTA,NBA,1,26,56,0,0
tomjaru01,2004,LAL,NBA,1,24,19,0,0
vanguje01,2004,HOU,NBA,1,51,31,3,4
vangust01,2004,MIA,NBA,1,59,23,11,4
wilkele01,2004,NYK,NBA,1,17,22,0,0
willihe01,2004,NYK,NBA,2,16,27,0,0
woodsmi01,2004,ATL,NBA,1,13,69,0,0
adelmri01,2005,SAC,NBA,1,44,38,2,4
bickebe01,2005,CHA,NBA,1,26,56,0,0
brownla01,2005,NYK,NBA,1,23,59,0,0
brownmi02,2005,CLE,NBA,1,50,32,7,6
carliri01,2005,IND,NBA,1,41,41,2,4
caseydw01,2005,MIN,NBA,1,33,49,0,0
cheekma01,2005,PHI,NBA,1,38,44,0,0
dantomi01,2005,PHO,NBA,1,54,28,10,10
dunlemi01,2005,LAC,NBA,1,47,35,7,5
frankla01,2005,NJN,NBA,1,49,33,5,6
fratemi01,2005,MEM,NBA,1,49,33,0,4
hillbo01,2005,SEA,NBA,2,22,30,0,0
hillbr01,2005,ORL,NBA,1,36,46,0,0
jacksph01,2005,LAL,NBA,1,45,37,3,4
johnsav01,2005,DAL,NBA,1,60,22,14,9
jordaed01,2005,WAS,NBA,1,42,40,2,4
karlge01,2005,DEN,NBA,1,44,38,1,4
mcmilna01,2005,POR,NBA,1,21,61,0,0
mitchsa01,2005,TOR,NBA,1,27,55,0,0
montgmi01,2005,GSW,NBA,1,34,48,0,0
popovgr01,2005,SAS,NBA,1,63,19,7,6
rileypa01,2005,MIA,NBA,2,41,20,16,7
riverdo01,2005,BOS,NBA,1,33,49,0,0
saundfl01,2005,DET,NBA,1,64,18,10,8
scottby01,2005,NOK,NBA,1,38,44,0,0
skilesc01,2005,CHI,NBA,1,41,41,2,4
sloanje01,2005,UTA,NBA,1,41,41,0,0
stottte01,2005,MIL,NBA,1,40,42,1,4
vanguje01,2005,HOU,NBA,1,34,48,0,0
vangust01,2005,MIA,NBA,1,11,10,0,0
weissbo01,2005,SEA,NBA,1,13,17,0,0
woodsmi01,2005,ATL,NBA,1,26,56,0,0
baronto01,2006,MEM,NBA,2,16,36,0,0
bickebe01,2006,CHA,NBA,1,33,49,0,0
brownmi02,2006,CLE,NBA,1,50,32,12,8
carliri01,2006,IND,NBA,1,35,47,0,0
caseydw01,2006,MIN,NBA,1,20,20,0,0
cheekma01,2006,PHI,NBA,1,35,47,0,0
dantomi01,2006,PHO,NBA,1,61,21,6,5
dunlemi01,2006,LAC,NBA,1,40,42,0,0
frankla01,2006,NJN,NBA,1,41,41,6,6
fratemi01,2006,MEM,NBA,1,6,24,0,0
hillbo01,2006,SEA,NBA,1,31,51,0,0
hillbr01,2006,ORL,NBA,1,40,42,0,4
jacksph01,2006,LAL,NBA,1,42,40,1,4
johnsav01,2006,DAL,NBA,1,67,15,2,4
jordaed01,2006,WAS,NBA,1,41,41,0,4
karlge01,2006,DEN,NBA,1,45,37,1,4
krystla01,2006,MIL,NBA,2,5,13,0,0
mcmilna01,2006,POR,NBA,1,32,50,0,0
mitchsa01,2006,TOR,NBA,1,47,35,2,4
musseer01,2006,SAC,NBA,1,33,49,0,0
nelsodo01,2006,GSW,NBA,1,42,40,5,6
popovgr01,2006,SAS,NBA,1,58,24,16,4
rileypa01,2006,MIA,NBA,1,44,38,0,4
riverdo01,2006,BOS,NBA,1,24,58,0,0
saundfl01,2006,DET,NBA,1,53,29,10,6
scottby01,2006,NOK,NBA,1,39,43,0,0
skilesc01,2006,CHI,NBA,1,49,33,6,4
sloanje01,2006,UTA,NBA,1,51,31,9,8
stottte01,2006,MIL,NBA,1,23,41,0,0
thomais01,2006,NYK,NBA,1,33,49,0,0
vanguje01,2006,HOU,NBA,1,52,30,3,4
wittmra01,2006,MIN,NBA,2,12,30,0,0
woodsmi01,2006,ATL,NBA,1,30,52,0,0
adelmri01,2007,HOU,NBA,1,55,27,2,4
boylaji01,2007,CHI,NBA,3,24,32,0,0
brownmi02,2007,CLE,NBA,1,45,37,7,6
carlepj01,2007,SEA,NBA,1,20,62,0,0
cheekma01,2007,PHI,NBA,1,40,42,2,4
dantomi01,2007,PHO,NBA,1,55,27,1,4
dunlemi01,2007,LAC,NBA,1,23,59,0,0
frankla01,2007,NJN,NBA,1,34,48,0,0
iavarma01,2007,MEM,NBA,1,22,60,0,0
jacksph01,2007,LAL,NBA,1,57,25,14,7
johnsav01,2007,DAL,NBA,1,51,31,1,4
jordaed01,2007,WAS,NBA,1,43,39,2,4
karlge01,2007,DEN,NBA,1,50,32,0,4
krystla01,2007,MIL,NBA,1,26,56,0,0
mcmilna01,2007,POR,NBA,1,41,41,0,0
mitchsa01,2007,TOR,NBA,1,41,41,1,4
myerspe01,2007,CHI,NBA,2,0,1,0,0
nelsodo01,2007,GSW,NBA,1,48,34,0,0
obrieji03,2007,IND,NBA,1,36,46,0,0
popovgr01,2007,SAS,NBA,1,56,26,9,8
rileypa01,2007,MIA,NBA,1,15,67,0,0
riverdo01,2007,BOS,NBA,1,66,16,16,10
saundfl01,2007,DET,NBA,1,59,23,10,7
scottby01,2007,NOH,NBA,1,56,26,7,5
skilesc01,2007,CHI,NBA,1,9,16,0,0
sloanje01,2007,UTA,NBA,1,54,28,6,6
theusre01,2007,SAC,NBA,1,38,44,0,0
thomais01,2007,NYK,NBA,1,23,59,0,0
vangust01,2007,ORL,NBA,1,52,30,5,5
vincesa01,2007,CHR,NBA,1,32,50,0,0
wittmra01,2007,MIN,NBA,1,22,60,0,0
woodsmi01,2007,ATL,NBA,1,37,45,3,4
adelmri01,2008,HOU,NBA,1,53,29,7,6
brooksc01,2008,OKC,NBA,2,22,46,0,0
brownla01,2008,CHR,NBA,1,35,47,0,0
brownmi02,2008,CLE,NBA,1,66,16,10,4
carlepj01,2008,OKC,NBA,1,1,13,0,0
carliri01,2008,DAL,NBA,1,50,32,0,0
cheekma01,2008,PHI,NBA,1,9,14,0,0
currymi01,2008,DET,NBA,1,39,43,0,4
dantomi01,2008,NYK,NBA,1,32,50,0,0
davisjo01,2008,MEM,NBA,2,0,2,0,0
delnevi01,2008,CHI,NBA,1,41,41,3,4
dileoto01,2008,PHI,NBA,2,32,27,2,4
dunlemi01,2008,LAC,NBA,1,19,63,0,0
frankla01,2008,NJN,NBA,1,34,48,0,0
gentral01,2008,PHO,NBA,2,18,13,0,0
hollili01,2008,MEM,NBA,3,13,26,0,0
iavarma01,2008,MEM,NBA,1,11,30,0,0
jacksph01,2008,LAL,NBA,1,65,17,16,7
jordaed01,2008,WAS,NBA,1,1,10,0,0
karlge01,2008,DEN,NBA,1,54,28,10,6
mchalke01,2008,MIN,NBA,2,20,43,0,0
mcmilna01,2008,POR,NBA,1,54,28,2,4
mitchsa01,2008,TOR,NBA,1,8,9,0,0
nattke01,2008,SAC,NBA,2,11,47,0,0
nelsodo01,2008,GSW,NBA,1,29,53,0,0
obrieji03,2008,IND,NBA,1,36,46,0,0
popovgr01,2008,SAS,NBA,1,54,28,1,4
portete01,2008,PHO,NBA,1,23,18,0,0
riverdo01,2008,BOS,NBA,1,62,20,7,7
scottby01,2008,NOH,NBA,1,49,33,1,4
skilesc01,2008,MIL,NBA,1,34,48,0,0
sloanje01,2008,UTA,NBA,1,48,34,0,0
spoeler01,2008,MIA,NBA,1,43,39,3,4
tapsced01,2008,WAS,NBA,2,18,53,0,0
theusre01,2008,SAC,NBA,1,6,18,0,0
trianja01,2008,TOR,NBA,2,25,40,0,0
vangust01,2008,ORL,NBA,1,59,23,13,11
wittmra01,2008,MIN,NBA,1,4,15,0,0
woodsmi01,2008,ATL,NBA,1,47,35,4,4
adelmri01,2009,HOU,NBA,1,42,40,0,0
barrito01,2009,NJN,NBA,2,0,2,0,0
bowerje01,2009,NOH,NBA,2,34,39,0,0
brooksc01,2009,OKC,NBA,1,50,32,2,4
brownla01,2009,CHR,NBA,1,44,38,0,4
brownmi02,2009,CLE,NBA,1,61,21,6,5
carliri01,2009,DAL,NBA,1,55,27,2,4
dantomi01,2009,NYK,NBA,1,29,53,0,0
delnevi01,2009,CHI,NBA,1,41,41,1,4
dunlemi01,2009,LAC,NBA,1,21,28,0,0
frankla01,2009,NJN,NBA,1,0,16,0,0
gentral01,2009,PHO,NBA,1,54,28,10,6
hollili01,2009,MEM,NBA,1,40,42,0,0
hugheki01,2009,LAC,NBA,2,8,25,0,0
jacksph01,2009,LAL,NBA,1,57,25,0,0
jordaed01,2009,PHI,NBA,1,27,55,0,0
karlge01,2009,DEN,NBA,1,53,29,2,4
kuestjo01,2009,DET,NBA,1,27,55,0,0
mcmilna01,2009,POR,NBA,1,50,32,2,4
nelsodo01,2009,GSW,NBA,1,26,56,0,0
obrieji03,2009,IND,NBA,1,32,50,0,0
popovgr01,2009,SAS,NBA,1,50,32,4,6
rambiku01,2009,MIN,NBA,1,15,67,0,0
riverdo01,2009,BOS,NBA,1,50,32,15,9
saundfl01,2009,WAS,NBA,1,26,56,0,0
scottby01,2009,NOH,NBA,1,3,6,0,0
skilesc01,2009,MIL,NBA,1,46,36,3,4
sloanje01,2009,UTA,NBA,1,53,29,4,6
spoeler01,2009,MIA,NBA,1,47,35,1,4
trianja01,2009,TOR,NBA,1,40,42,0,0
vandeki01,2009,NJN,NBA,3,12,52,0,0
vangust01,2009,ORL,NBA,1,59,23,10,4
westppa01,2009,SAC,NBA,1,25,57,0,0
woodsmi01,2009,ATL,NBA,1,53,29,4,7
adelmri01,2010,HOU,NBA,1,43,39,0,0
brooksc01,2010,OKC,NBA,1,55,27,9,8
brownla01,2010,CHA,NBA,1,9,19,0,0
carliri01,2010,DAL,NBA,1,57,25,16,4
collido01,2010,PHI,NBA,1,41,41,1,4
corbity01,2010,UTA,NBA,2,8,20,0,0
dantomi01,2010,NYK,NBA,1,42,40,0,4
delnevi01,2010,LAC,NBA,1,32,50,0,0
drewla01,2010,ATL,NBA,1,44,38,6,6
gentral01,2010,PHO,NBA,1,40,42,0,0
hollili01,2010,MEM,NBA,1,46,36,7,6
jacksph01,2010,LAL,NBA,1,57,25,4,6
johnsav01,2010,NJN,NBA,1,24,58,0,0
karlge01,2010,DEN,NBA,1,50,32,1,4
kuestjo01,2010,DET,NBA,1,30,52,0,0
mcmilna01,2010,POR,NBA,1,48,34,2,4
obrieji03,2010,IND,NBA,1,17,27,0,0
popovgr01,2010,SAS,NBA,1,61,21,2,4
rambiku01,2010,MIN,NBA,1,17,65,0,0
riverdo01,2010,BOS,NBA,1,56,26,5,4
saundfl01,2010,WAS,NBA,1,23,59,0,0
scottby01,2010,CLE,NBA,1,19,63,0,0
silaspa01,2010,CHA,NBA,2,25,29,0,0
skilesc01,2010,MIL,NBA,1,35,47,0,0
sloanje01,2010,UTA,NBA,1,31,23,0,0
smartke01,2010,GSW,NBA,1,36,46,0,0
spoeler01,2010,MIA,NBA,1,58,24,14,7
thiboto01,2010,CHI,NBA,1,62,20,9,7
trianja01,2010,TOR,NBA,1,22,60,0,0
vangust01,2010,ORL,NBA,1,52,30,2,4
vogelfr01,2010,IND,NBA,2,20,18,1,4
westppa01,2010,SAC,NBA,1,24,58,0,0
willimo01,2010,NOH,NBA,1,46,36,2,4
drewla01,2011,ATL,NBA,1,40,26,2,4
riverdo01,2011,BOS,NBA,1,39,27,11,9
silaspa01,2011,CHA,NBA,1,7,59,0,0
thiboto01,2011,CHI,NBA,1,50,16,2,4
scottby01,2011,CLE,NBA,1,21,45,0,0
carliri01,2011,DAL,NBA,1,36,30,0,4
karlge01,2011,DEN,NBA,1,38,28,3,4
frankla01,2011,DET,NBA,1,25,41,0,0
jacksma01 ,2011,GSW,NBA,1,23,43,0,0
mchalke01,2011,HOU,NBA,1,34,32,0,0
vogelfr01,2011,IND,NBA,1,42,24,6,5
delnevi01,2011,LAC,NBA,1,40,26,4,7
brownmi02,2011,LAL,NBA,1,41,25,5,7
hollili01,2011,MEM,NBA,1,41,25,3,4
spoeler01,2011,MIA,NBA,1,46,20,16,7
skilesc01,2011,MIL,NBA,1,31,35,0,0
adelmri01,2011,MIN,NBA,1,26,40,0,0
johnsav01,2011,NJN,NBA,1,22,44,0,0
willimo01,2011,NOH,NBA,1,21,45,0,0
dantomi01,2011,NYK,NBA,1,18,24,0,0
woodsmi01,2011,NYK,NBA,2,18,6,1,4
brooksc01,2011,OKC,NBA,1,47,19,13,7
vangust01,2011,ORL,NBA,1,37,29,1,4
collido01,2011,PHI,NBA,1,35,31,7,6
gentral01,2011,PHO,NBA,1,33,33,0,0
mcmilna01,2011,POR,NBA,1,20,23,0,0
canalka01,2011,POR,NBA,2,8,15,0,0
westppa01,2011,SAC,NBA,1,2,5,0,0
smartke01,2011,SAC,NBA,2,20,39,0,0
popovgr01,2011,SAS,NBA,1,50,16,10,4
caseydw01,2011,TOR,NBA,1,23,43,0,0
corbity01,2011,UTA,NBA,1,36,30,0,4
saundfl01,2011,WAS,NBA,1,2,15,0,0
wittmra01,2011,WAS,NBA,2,18,31,0,0
johnsne01,1962,PGR,ABL1,1,12,10,null,null
phillan01,1961,CHM,ABL1,1,39,44,0,1
sobiero01,1962,CHM,ABL1,1,8,20,null,null
sharmbi01,1961,LAJ,ABL1,1,24,15,null,null
mclenjo01,1961,CLP,ABL1,1,26,25,null,null
sharmbi01,1961,CLP,ABL1,2,19,11,6,4
rochare01,1961,HAW,ABL1,1,29,53,0,1
brighal01,1962,LBC,ABL1,1,16,8,null,null
mcmahja01,1961,KCS,ABL1,1,54,25,4,4
deejo01,1962,KCS,ABL1,1,22,9,null,null
stutzst01,1961,WNY,ABL1,1,31,50,2,1
perrima01,1962,PHT,ABL1,1,10,18,null,null
robiner01,1962,OAO,ABL1,1,11,14,null,null
woolpph01,1961,SFS,ABL1,1,6,9,null,null
osheake01,1961,SFS,ABL1,2,null,null,null,null
brighal01,1961,SFS,ABL1,3,null,null,null,null
gunthco01,1947,ATC,PBLA,1,7,1,null,null
lewisfr01,1947,BIR,PBLA,1,5,2,null,null
dehnehe01,1947,CHT,PBLA,1,3,3,null,null
mcderbo01,1947,CHG,PBLA,1,8,0,null,null
szukast01,1947,GRR,PBLA,1,3,3,null,null
clossbi01,1947,HMV,PBLA,1,2,0,null,null
hyattch01,1947,KCB,PBLA,1,1,5,null,null
vaughvi01,1947,LOU,PBLA,1,2,4,null,null
pailehe01,1947,NOL,PBLA,1,3,5,null,null
rosegl01,1947,OKD,PBLA,1,2,3,null,null
shephle01,1947,OMA,PBLA,1,2,4,null,null
hutchha01,1947,STJ,PBLA,1,1,6,null,null
halebr01,1947,STP,PBLA,1,6,3,null,null
davisdo01,1947,SPR,PBLA,1,1,7,null,null
gibbsji01,1947,TUL,PBLA,1,7,3,null,null
roossw01,1947,WAT,PBLA,1,1,5,null,null
gatesfr01,1950,AND,NPBL,1,null,null,null,null
klierle01,1950,AND,NPBL,2,null,null,null,null
dardeji01,1950,DNN,NPBL,1,18,16,null,null
lathage02,1950,EVA,NPBL,1,0,6,null,null
koliswa01,1950,LOA,NPBL,1,18,17,null,null
mcderbo01,1950,GRH,NPBL,1,null,null,null,null
glammge01,1950,GRH,NPBL,2,null,null,null,null
towerbl01,1950,GRH,NPBL,3,null,null,null,null
cloydpa01,1950,KCH,NPBL,1,null,null,null,null
eurasge01,1950,KCH,NPBL,2,null,null,null,null
schulho01,1950,SPL,NPBL,1,12,8,null,null
sueseke01,1950,SHE,NPBL,1,29,16,null,null
smileja01,1950,WAT,NPBL,1,32,24,null,null
